rule_id,group,gold_count,candidate_present_count,candidate_recall,missing_count,missing_examples
address_comma,addresses_interjections_particles,94,94,1.0,0,[]
comma_conjunction,homogeneous_commas,99,99,1.0,0,[]
comma_subordinate,complex_sentence_subordinate,79,79,1.0,0,[]
comparative_turnover_comma,comparative_turnovers,125,125,1.0,0,[]
context_chto_by,solid_hyphen_separate_service_words,257,257,1.0,0,[]
context_nesmotrya,solid_hyphen_separate_service_words,440,440,1.0,0,[]
context_tak_zhe,solid_hyphen_separate_service_words,92,92,1.0,0,[]
context_to_zhe,solid_hyphen_separate_service_words,105,105,1.0,0,[]
context_vsledstvie,solid_hyphen_separate_service_words,277,277,1.0,0,[]
context_za_to,solid_hyphen_separate_service_words,246,246,1.0,0,[]
cy_exception,letter_basic_hissing_vowel_patterns,117,117,1.0,0,[]
detached_adverbial_comma,detached_adverbials,102,102,1.0,0,[]
dictionary_fuzzy,typos_letter_operations,63,63,1.0,0,[]
direct_speech_colon,direct_speech_quotes,96,96,1.0,0,[]
direct_speech_dash,direct_speech_quotes,95,95,1.0,0,[]
direct_speech_quotes,direct_speech_quotes,96,96,1.0,0,[]
double_consonant_candidate,consonants_double,54,54,1.0,0,[]
enumeration_colon,homogeneous_generalizing_word,64,64,1.0,0,[]
explanation_colon,complex_sentence_asyndetic,96,96,1.0,0,[]
extra_letter_candidate,typos_letter_operations,63,63,1.0,0,[]
frequent_error_exact,typical_dictionary_words,66,31,0.4696969696969697,35,"[{""source"": ""Вот и получаеться теперь что женщина действительно неделимое целое с мужчиной."", ""target"": ""Вот и получается теперь, что женщина — действительно неделимое целое с мужчиной."", ""edit_type"": ""punctuation_insert"", ""start"": 37, ""end"": 37, ""source_fragment"": """", ""replacement"": ""—""}, {""source"": ""Порой мне хочеться тебя убить..."", ""target"": ""Порой мне хочется тебя убить."", ""edit_type"": ""punctuation_delete"", ""start"": 30, ""end"": 31, ""source_fragment"": ""."", ""replacement"": """"}, {""source"": ""Порой мне хочеться тебя убить..."", ""target"": ""Порой мне хочется тебя убить."", ""edit_type"": ""punctuation_delete"", ""start"": 31, ""end"": 32, ""source_fragment"": ""."", ""replacement"": """"}, {""source"": ""- А столько женщин в джинсах а-ля \"" заниженная талия \"" так и хочеться подойти и подтянуть."", ""target"": ""А столько женщин в джинсах а-ля заниженная талия, так и хочется подойти и подтянуть."", ""edit_type"": ""punctuation_delete"", ""start"": 34, ""end"": 35, ""source_fragment"": ""\"""", ""replacement"": """"}, {""source"": ""- А столько женщин в джинсах а-ля \"" заниженная талия \"" так и хочеться подойти и подтянуть."", ""target"": ""А столько женщин в джинсах а-ля заниженная талия, так и хочется подойти и подтянуть."", ""edit_type"": ""punctuation_replace"", ""start"": 53, ""end"": 54, ""source_fragment"": ""\"""", ""replacement"": "",""}, {""source"": ""Я просто решила пояснить, так как добавляю переодически друзей..."", ""target"": ""Я просто решила пояснить, так как добавляю периодически друзей."", ""edit_type"": ""punctuation_delete"", ""start"": 63, ""end"": 64, ""source_fragment"": ""."", ""replacement"": """"}, {""source"": ""Я просто решила пояснить, так как добавляю переодически друзей..."", ""target"": ""Я просто решила пояснить, так как добавляю периодически друзей."", ""edit_type"": ""punctuation_delete"", ""start"": 64, ""end"": 65, ""source_fragment"": ""."", ""replacement"": """"}, {""source"": ""Неважно, новичок ты, или состоявшийся крекер, так как сегодня сдесь не будет ни дизассемблированных листингов, ни способов взлома программного обеспечения, так что читай то, что есть."", ""target"": ""Неважно, новичок ты или состоявшийся крекер, так как сегодня здесь не будет ни дизассемблированных листингов, ни способов взлома программного обеспечения, так что читай то, что есть."", ""edit_type"": ""punctuation_delete"", ""start"": 19, ""end"": 20, ""source_fragment"": "","", ""replacement"": """"}, {""source"": ""Когда что-то не получаеться, падает самооценка, разрушаеться идеальный образ."", ""target"": ""Когда что-то не получается падает самооценка разрушается идеальный образ"", ""edit_type"": ""punctuation_delete"", ""start"": 27, ""end"": 28, ""source_fragment"": "","", ""replacement"": """"}, {""source"": ""Когда что-то не получаеться, падает самооценка, разрушаеться идеальный образ."", ""target"": ""Когда что-то не получается падает самооценка разрушается идеальный образ"", ""edit_type"": ""punctuation_delete"", ""start"": 76, ""end"": 77, ""source_fragment"": ""."", ""replacement"": """"}, {""source"": ""Только мне даже себе самой это признавать не хочеться."", ""target"": ""Только мне даже себе самой это признавать не хочется"", ""edit_type"": ""punctuation_delete"", ""start"": 53, ""end"": 54, ""source_fragment"": ""."", ""replacement"": """"}, {""source"": ""Наступила зима, хочеться играть в снежки."", ""target"": ""Наступила зима хочется играть в снежки"", ""edit_type"": ""punctuation_delete"", ""start"": 14, ""end"": 15, ""source_fragment"": "","", ""replacement"": """"}, {""source"": ""Наступила зима, хочеться играть в снежки."", ""target"": ""Наступила зима хочется играть в снежки"", ""edit_type"": ""punctuation_delete"", ""start"": 40, ""end"": 41, ""source_fragment"": ""."", ""replacement"": """"}, {""source"": ""Так уж получаеться что Эти люди встают между тобой и твоей Смертью."", ""target"": ""Так уж получается что эти люди встают между тобой и твоей смертью"", ""edit_type"": ""punctuation_delete"", ""start"": 66, ""end"": 67, ""source_fragment"": ""."", ""replacement"": """"}, {""source"": ""Вот и получаеться теперь что женщина действительно неделимое целое с мужчиной."", ""target"": ""Вот и получается теперь что женщина действительно неделимое целое с мужчиной"", ""edit_type"": ""punctuation_delete"", ""start"": 77, ""end"": 78, ""source_fragment"": ""."", ""replacement"": """"}, {""source"": ""Обязательно хочу миссию с дирижаблями, обажаю эти летательные аппараты."", ""target"": ""Обязательно хочу миссию с дирижаблями обожаю эти летательные аппараты"", ""edit_type"": ""punctuation_delete"", ""start"": 37, ""end"": 38, ""source_fragment"": "","", ""replacement"": """"}, {""source"": ""Обязательно хочу миссию с дирижаблями, обажаю эти летательные аппараты."", ""target"": ""Обязательно хочу миссию с дирижаблями обожаю эти летательные аппараты"", ""edit_type"": ""punctuation_delete"", ""start"": 70, ""end"": 71, ""source_fragment"": ""."", ""replacement"": """"}, {""source"": ""а так хочеться что-то мочь менять в этом мире, не обезательно менять, но обязательно быть способным это зделать..."", ""target"": ""а так хочется что-то мочь менять в этом мире не обязательно менять но обязательно быть способным это сделать"", ""edit_type"": ""punctuation_delete"", ""start"": 45, ""end"": 46, ""source_fragment"": "","", ""replacement"": """"}, {""source"": ""а так хочеться что-то мочь менять в этом мире, не обезательно менять, но обязательно быть способным это зделать..."", ""target"": ""а так хочется что-то мочь менять в этом мире не обязательно менять но обязательно быть способным это сделать"", ""edit_type"": ""punctuation_delete"", ""start"": 68, ""end"": 69, ""source_fragment"": "","", ""replacement"": """"}, {""source"": ""а так хочеться что-то мочь менять в этом мире, не обезательно менять, но обязательно быть способным это зделать..."", ""target"": ""а так хочется что-то мочь менять в этом мире не обязательно менять но обязательно быть способным это сделать"", ""edit_type"": ""punctuation_delete"", ""start"": 111, ""end"": 112, ""source_fragment"": ""."", ""replacement"": """"}]"
homogeneous_comma,homogeneous_commas,105,105,1.0,0,[]
hyphen_koe_koy,solid_hyphen_separate_pronouns_adverbs_particles,78,78,1.0,0,[]
hyphen_particles,solid_hyphen_separate_pronouns_adverbs_particles,160,160,1.0,0,[]
hyphen_po_adverbs,solid_hyphen_separate_pronouns_adverbs_particles,100,100,1.0,0,[]
introductory_comma,introductory_words,134,134,1.0,0,[]
keyboard_typo_candidate,typos_letter_operations,142,142,1.0,0,[]
missing_hard_sign,hard_soft_signs,4,2,0.5,2,"[{""source"": ""Сложно на самом деле обяснить то, что происходит в моей душе."", ""target"": ""Сложно на самом деле объяснить то что происходит в моей душе"", ""edit_type"": ""punctuation_delete"", ""start"": 32, ""end"": 33, ""source_fragment"": "","", ""replacement"": """"}, {""source"": ""Сложно на самом деле обяснить то, что происходит в моей душе."", ""target"": ""Сложно на самом деле объяснить то что происходит в моей душе"", ""edit_type"": ""punctuation_delete"", ""start"": 60, ""end"": 61, ""source_fragment"": ""."", ""replacement"": """"}]"
missing_letter_candidate,typos_letter_operations,69,69,1.0,0,[]
n_nn_adjective,n_nn_suffixes,8,4,0.5,4,"[{""source"": ""А гостинная она для того и делалась, а то в РД Урала уже ваще ничего святого не осталось."", ""target"": ""А гостиная, она для того и делалась, а то в РД Урала уже вообще ничего святого не осталось."", ""edit_type"": ""punctuation_insert"", ""start"": 11, ""end"": 11, ""source_fragment"": """", ""replacement"": "",""}, {""source"": ""А гостинная она для того и делалась, а то в РД Урала уже ваще ничего святого не осталось."", ""target"": ""А гостиная она для того и делалась а то в РД Урала уже вообще ничего святого не осталось"", ""edit_type"": ""punctuation_delete"", ""start"": 35, ""end"": 36, ""source_fragment"": "","", ""replacement"": """"}, {""source"": ""А гостинная она для того и делалась, а то в РД Урала уже ваще ничего святого не осталось."", ""target"": ""А гостиная она для того и делалась а то в РД Урала уже вообще ничего святого не осталось"", ""edit_type"": ""punctuation_delete"", ""start"": 88, ""end"": 89, ""source_fragment"": ""."", ""replacement"": """"}, {""source"": ""Напыщеные домики стискивают углы зрения и формат ощущений."", ""target"": ""Напыщенные домики стискивают углы зрения и формат ощущений"", ""edit_type"": ""punctuation_delete"", ""start"": 57, ""end"": 58, ""source_fragment"": ""."", ""replacement"": """"}]"
n_nn_deverbal_adjective,n_nn_suffixes,221,221,1.0,0,[]
n_nn_participle,n_nn_suffixes,18,12,0.6666666666666666,6,"[{""source"": ""﻿есть у вас оформленый и подписаный мною заказ"", ""target"": ""﻿Есть у вас оформленный и подписанный мною заказ?"", ""edit_type"": ""final_punctuation"", ""start"": 46, ""end"": 46, ""source_fragment"": """", ""replacement"": ""?""}, {""source"": ""Подделаная подпись по определению неаутентична даже если мы не можем подделку распознать."", ""target"": ""Подделанная подпись по определению неаутентична, даже если мы не можем подделку распознать."", ""edit_type"": ""punctuation_insert"", ""start"": 46, ""end"": 46, ""source_fragment"": """", ""replacement"": "",""}, {""source"": ""Подделаная подпись по определению неаутентична даже если мы не можем подделку распознать."", ""target"": ""Подделанная подпись по определению неаутентична даже если мы не можем подделку распознать"", ""edit_type"": ""punctuation_delete"", ""start"": 88, ""end"": 89, ""source_fragment"": ""."", ""replacement"": """"}, {""source"": ""По-моему, не одна я испытала эстетический шок, потомучто область в радиусе предполагаемого эпицентра в случае падения этой биопирамиды в считаные секунды зазияла неинтеллигентной пустотой."", ""target"": ""По-моему не одна я испытала эстетический шок потому что область в радиусе предполагаемого эпицентра в случае падения этой биопирамиды в считанные секунды зазияла неинтеллигентной пустотой"", ""edit_type"": ""punctuation_delete"", ""start"": 8, ""end"": 9, ""source_fragment"": "","", ""replacement"": """"}, {""source"": ""По-моему, не одна я испытала эстетический шок, потомучто область в радиусе предполагаемого эпицентра в случае падения этой биопирамиды в считаные секунды зазияла неинтеллигентной пустотой."", ""target"": ""По-моему не одна я испытала эстетический шок потому что область в радиусе предполагаемого эпицентра в случае падения этой биопирамиды в считанные секунды зазияла неинтеллигентной пустотой"", ""edit_type"": ""punctuation_delete"", ""start"": 45, ""end"": 46, ""source_fragment"": "","", ""replacement"": """"}, {""source"": ""По-моему, не одна я испытала эстетический шок, потомучто область в радиусе предполагаемого эпицентра в случае падения этой биопирамиды в считаные секунды зазияла неинтеллигентной пустотой."", ""target"": ""По-моему не одна я испытала эстетический шок потому что область в радиусе предполагаемого эпицентра в случае падения этой биопирамиды в считанные секунды зазияла неинтеллигентной пустотой"", ""edit_type"": ""punctuation_delete"", ""start"": 187, ""end"": 188, ""source_fragment"": ""."", ""replacement"": """"}]"
n_nn_short_form,n_nn_suffixes,3,2,0.6666666666666666,1,"[{""source"": ""Перед тем, как сварить печку для бани, целенаправлено кропотливо обмыслить план работ и место размещения печи."", ""target"": ""Перед тем как сварить печку для бани, целенаправленно кропотливо обмыслить план работ и место размещения печи."", ""edit_type"": ""punctuation_delete"", ""start"": 9, ""end"": 10, ""source_fragment"": "","", ""replacement"": """"}]"
ne_adjective,solid_hyphen_separate_ne,230,230,1.0,0,[]
ne_adverb,solid_hyphen_separate_ne,212,212,1.0,0,[]
ne_participle,solid_hyphen_separate_ne,210,210,1.0,0,[]
ni_stable_expression,ne_ni_particles,101,101,1.0,0,[]
pattern_жы_жи,letter_basic_hissing_vowel_patterns,11,4,0.36363636363636365,7,"[{""source"": ""Неожыданный у вас, мальчеги, для меня диалог."", ""target"": ""Неожиданный у вас мальчики для меня диалог"", ""edit_type"": ""punctuation_delete"", ""start"": 17, ""end"": 18, ""source_fragment"": "","", ""replacement"": """"}, {""source"": ""Неожыданный у вас, мальчеги, для меня диалог."", ""target"": ""Неожиданный у вас мальчики для меня диалог"", ""edit_type"": ""punctuation_delete"", ""start"": 27, ""end"": 28, ""source_fragment"": "","", ""replacement"": """"}, {""source"": ""Неожыданный у вас, мальчеги, для меня диалог."", ""target"": ""Неожиданный у вас мальчики для меня диалог"", ""edit_type"": ""punctuation_delete"", ""start"": 44, ""end"": 45, ""source_fragment"": ""."", ""replacement"": """"}, {""source"": ""Подскажыте мне темному, чего зазырить перед сном, типа можно без мяса, можно даже без кровищщи."", ""target"": ""Подскажите мне темному чего зазырить перед сном типа можно без мяса можно даже без кровищи"", ""edit_type"": ""punctuation_delete"", ""start"": 22, ""end"": 23, ""source_fragment"": "","", ""replacement"": """"}, {""source"": ""Подскажыте мне темному, чего зазырить перед сном, типа можно без мяса, можно даже без кровищщи."", ""target"": ""Подскажите мне темному чего зазырить перед сном типа можно без мяса можно даже без кровищи"", ""edit_type"": ""punctuation_delete"", ""start"": 48, ""end"": 49, ""source_fragment"": "","", ""replacement"": """"}, {""source"": ""Подскажыте мне темному, чего зазырить перед сном, типа можно без мяса, можно даже без кровищщи."", ""target"": ""Подскажите мне темному чего зазырить перед сном типа можно без мяса можно даже без кровищи"", ""edit_type"": ""punctuation_delete"", ""start"": 69, ""end"": 70, ""source_fragment"": "","", ""replacement"": """"}, {""source"": ""Подскажыте мне темному, чего зазырить перед сном, типа можно без мяса, можно даже без кровищщи."", ""target"": ""Подскажите мне темному чего зазырить перед сном типа можно без мяса можно даже без кровищи"", ""edit_type"": ""punctuation_delete"", ""start"": 94, ""end"": 95, ""source_fragment"": ""."", ""replacement"": """"}]"
pattern_чю_чу,letter_basic_hissing_vowel_patterns,144,138,0.9583333333333334,6,"[{""source"": ""Ощушаю себя с ними монголойдом, я никогда так много не молчала как молчю тут, и не потому, что языковый баръер или еще что-то, просто коментариев нет"", ""target"": ""Ощущаю себя с ними монголоидом: я никогда так много не молчала, как молчу тут, и не потому, что языковый барьер или ещё что-то, просто комментариев нет."", ""edit_type"": ""punctuation_replace"", ""start"": 30, ""end"": 31, ""source_fragment"": "","", ""replacement"": "":""}, {""source"": ""Ощушаю себя с ними монголойдом, я никогда так много не молчала как молчю тут, и не потому, что языковый баръер или еще что-то, просто коментариев нет"", ""target"": ""Ощущаю себя с ними монголоидом: я никогда так много не молчала, как молчу тут, и не потому, что языковый барьер или ещё что-то, просто комментариев нет."", ""edit_type"": ""punctuation_insert"", ""start"": 62, ""end"": 62, ""source_fragment"": """", ""replacement"": "",""}, {""source"": ""Ощушаю себя с ними монголойдом, я никогда так много не молчала как молчю тут, и не потому, что языковый баръер или еще что-то, просто коментариев нет"", ""target"": ""Ощущаю себя с ними монголоидом я никогда так много не молчала как молчу тут и не потому что языковый барьер или еще что-то просто комментариев нет"", ""edit_type"": ""punctuation_delete"", ""start"": 30, ""end"": 31, ""source_fragment"": "","", ""replacement"": """"}, {""source"": ""Ощушаю себя с ними монголойдом, я никогда так много не молчала как молчю тут, и не потому, что языковый баръер или еще что-то, просто коментариев нет"", ""target"": ""Ощущаю себя с ними монголоидом я никогда так много не молчала как молчу тут и не потому что языковый барьер или еще что-то просто комментариев нет"", ""edit_type"": ""punctuation_delete"", ""start"": 76, ""end"": 77, ""source_fragment"": "","", ""replacement"": """"}, {""source"": ""Ощушаю себя с ними монголойдом, я никогда так много не молчала как молчю тут, и не потому, что языковый баръер или еще что-то, просто коментариев нет"", ""target"": ""Ощущаю себя с ними монголоидом я никогда так много не молчала как молчу тут и не потому что языковый барьер или еще что-то просто комментариев нет"", ""edit_type"": ""punctuation_delete"", ""start"": 89, ""end"": 90, ""source_fragment"": "","", ""replacement"": """"}, {""source"": ""Ощушаю себя с ними монголойдом, я никогда так много не молчала как молчю тут, и не потому, что языковый баръер или еще что-то, просто коментариев нет"", ""target"": ""Ощущаю себя с ними монголоидом я никогда так много не молчала как молчу тут и не потому что языковый барьер или еще что-то просто комментариев нет"", ""edit_type"": ""punctuation_delete"", ""start"": 125, ""end"": 126, ""source_fragment"": "","", ""replacement"": """"}]"
pattern_щю_щу,letter_basic_hissing_vowel_patterns,86,86,1.0,0,[]
pol_polu_compounds,solid_hyphen_separate_general,91,91,1.0,0,[]
prefix_pre_pri,prefix_vowels,5,2,0.4,3,"[{""source"": ""Преспособление электрокалорифера, установленного с поддержкой винтов в дно корпуса, состоит из осевого вентилятора и спирального электронагревателя."", ""target"": ""Приспособление электрокалорифера установленного с поддержкой винтов в дно корпуса состоит из осевого вентилятора и спирального электронагревателя"", ""edit_type"": ""punctuation_delete"", ""start"": 32, ""end"": 33, ""source_fragment"": "","", ""replacement"": """"}, {""source"": ""Преспособление электрокалорифера, установленного с поддержкой винтов в дно корпуса, состоит из осевого вентилятора и спирального электронагревателя."", ""target"": ""Приспособление электрокалорифера установленного с поддержкой винтов в дно корпуса состоит из осевого вентилятора и спирального электронагревателя"", ""edit_type"": ""punctuation_delete"", ""start"": 82, ""end"": 83, ""source_fragment"": "","", ""replacement"": """"}, {""source"": ""Преспособление электрокалорифера, установленного с поддержкой винтов в дно корпуса, состоит из осевого вентилятора и спирального электронагревателя."", ""target"": ""Приспособление электрокалорифера установленного с поддержкой винтов в дно корпуса состоит из осевого вентилятора и спирального электронагревателя"", ""edit_type"": ""punctuation_delete"", ""start"": 147, ""end"": 148, ""source_fragment"": ""."", ""replacement"": """"}]"
prefix_s_to_z,consonants_prefix_z_s,3,2,0.6666666666666666,1,"[{""source"": ""Расжился на выходных экземпляром сабжа."", ""target"": ""Разжился на выходных экземпляром сабжа"", ""edit_type"": ""punctuation_delete"", ""start"": 38, ""end"": 39, ""source_fragment"": ""."", ""replacement"": """"}]"
soft_to_hard_sign,hard_soft_signs,8,4,0.5,4,"[{""source"": ""Обьехав таким образом две-три фермы, и заменив при этом пустые фляги на полные, грузовик наконец часам к 12 дня вьехал в долгожданное Сандово."", ""target"": ""Объехав таким образом две-три фермы и заменив при этом пустые фляги на полные, грузовик наконец часам к 12 дня въехал в долгожданное Сандово."", ""edit_type"": ""punctuation_delete"", ""start"": 35, ""end"": 36, ""source_fragment"": "","", ""replacement"": """"}, {""source"": ""Обьехав таким образом две-три фермы, и заменив при этом пустые фляги на полные, грузовик наконец часам к 12 дня вьехал в долгожданное Сандово."", ""target"": ""Объехав таким образом две-три фермы и заменив при этом пустые фляги на полные грузовик наконец часам к 12 дня въехал в долгожданное Сандово"", ""edit_type"": ""punctuation_delete"", ""start"": 35, ""end"": 36, ""source_fragment"": "","", ""replacement"": """"}, {""source"": ""Обьехав таким образом две-три фермы, и заменив при этом пустые фляги на полные, грузовик наконец часам к 12 дня вьехал в долгожданное Сандово."", ""target"": ""Объехав таким образом две-три фермы и заменив при этом пустые фляги на полные грузовик наконец часам к 12 дня въехал в долгожданное Сандово"", ""edit_type"": ""punctuation_delete"", ""start"": 78, ""end"": 79, ""source_fragment"": "","", ""replacement"": """"}, {""source"": ""Обьехав таким образом две-три фермы, и заменив при этом пустые фляги на полные, грузовик наконец часам к 12 дня вьехал в долгожданное Сандово."", ""target"": ""Объехав таким образом две-три фермы и заменив при этом пустые фляги на полные грузовик наконец часам к 12 дня въехал в долгожданное Сандово"", ""edit_type"": ""punctuation_delete"", ""start"": 141, ""end"": 142, ""source_fragment"": ""."", ""replacement"": """"}]"
subject_predicate_dash,dash_subject_predicate,104,104,1.0,0,[]
swapped_letters_candidate,typos_letter_operations,87,87,1.0,0,[]
tsya_soft_delete,soft_sign_grammatical_forms,17,10,0.5882352941176471,7,"[{""source"": ""Слезяться глаза и плачет дождь,"", ""target"": ""Слезятся глаза, и плачет дождь."", ""edit_type"": ""punctuation_insert"", ""start"": 15, ""end"": 15, ""source_fragment"": """", ""replacement"": "",""}, {""source"": ""Слезяться глаза и плачет дождь,"", ""target"": ""Слезятся глаза, и плачет дождь."", ""edit_type"": ""punctuation_delete"", ""start"": 30, ""end"": 31, ""source_fragment"": "","", ""replacement"": """"}, {""source"": ""А они соревнуються кто кого больше заденет, кто острее зацепит, у кого язык длинее."", ""target"": ""А они соревнуются, кто кого больше заденет, кто острее зацепит, у кого язык длиннее."", ""edit_type"": ""punctuation_insert"", ""start"": 18, ""end"": 18, ""source_fragment"": """", ""replacement"": "",""}, {""source"": ""Когда что-то не получаеться, падает самооценка, разрушаеться идеальный образ."", ""target"": ""Когда что-то не получается падает самооценка разрушается идеальный образ"", ""edit_type"": ""punctuation_delete"", ""start"": 46, ""end"": 47, ""source_fragment"": "","", ""replacement"": """"}, {""source"": ""Недавно говорила с одним человеком на эту тему, и он мне поведал, что его родственники вобще не общаються друг с другом"", ""target"": ""Недавно говорила с одним человеком на эту тему и он мне поведал что его родственники вообще не общаются друг с другом"", ""edit_type"": ""punctuation_delete"", ""start"": 46, ""end"": 47, ""source_fragment"": "","", ""replacement"": """"}, {""source"": ""Недавно говорила с одним человеком на эту тему, и он мне поведал, что его родственники вобще не общаються друг с другом"", ""target"": ""Недавно говорила с одним человеком на эту тему и он мне поведал что его родственники вообще не общаются друг с другом"", ""edit_type"": ""punctuation_delete"", ""start"": 64, ""end"": 65, ""source_fragment"": "","", ""replacement"": """"}, {""source"": ""Слезяться глаза и плачет дождь,"", ""target"": ""Слезятся глаза и плачет дождь"", ""edit_type"": ""punctuation_delete"", ""start"": 30, ""end"": 31, ""source_fragment"": "","", ""replacement"": """"}]"
tsya_soft_insert,soft_sign_grammatical_forms,2,2,1.0,0,[]
unknown,unknown,53,28,0.5283018867924528,25,"[{""source"": ""На блогах очень много трепа но иногда среди этих залежей выходит нарыть ральные жемчуженки ;)"", ""target"": ""На блогах очень много трёпа, но иногда среди этих залежей выходит нарыть реальные жемчужинки."", ""edit_type"": ""punctuation_delete"", ""start"": 92, ""end"": 93, ""source_fragment"": "")"", ""replacement"": """"}, {""source"": ""И кстате очень зря некоторые убеждены, что жизнь не сказка и не фильм в котором все красиво; )"", ""target"": ""И кстати, очень зря некоторые убеждены, что жизнь не сказка и не фильм, в котором все красиво."", ""edit_type"": ""punctuation_insert"", ""start"": 8, ""end"": 8, ""source_fragment"": """", ""replacement"": "",""}, {""source"": ""И кстате очень зря некоторые убеждены, что жизнь не сказка и не фильм в котором все красиво; )"", ""target"": ""И кстати, очень зря некоторые убеждены, что жизнь не сказка и не фильм, в котором все красиво."", ""edit_type"": ""punctuation_insert"", ""start"": 69, ""end"": 69, ""source_fragment"": """", ""replacement"": "",""}, {""source"": ""И кстате очень зря некоторые убеждены, что жизнь не сказка и не фильм в котором все красиво; )"", ""target"": ""И кстати, очень зря некоторые убеждены, что жизнь не сказка и не фильм, в котором все красиво."", ""edit_type"": ""punctuation_delete"", ""start"": 93, ""end"": 94, ""source_fragment"": "")"", ""replacement"": """"}, {""source"": ""Ниччего не понимаю я в парикмахерском икусстве: ) )"", ""target"": ""Ничего не понимаю я в парикмахерском искусстве."", ""edit_type"": ""punctuation_delete"", ""start"": 48, ""end"": 49, ""source_fragment"": "")"", ""replacement"": """"}, {""source"": ""Ниччего не понимаю я в парикмахерском икусстве: ) )"", ""target"": ""Ничего не понимаю я в парикмахерском искусстве."", ""edit_type"": ""punctuation_delete"", ""start"": 50, ""end"": 51, ""source_fragment"": "")"", ""replacement"": """"}, {""source"": ""Я очень рада, что вам мои посты нравятся :)"", ""target"": ""Я очень рада, что вам мои посты нравятся."", ""edit_type"": ""punctuation_delete"", ""start"": 42, ""end"": 43, ""source_fragment"": "")"", ""replacement"": """"}, {""source"": ""Ну а больше я ничего не могу советовать, потмоу что очень от секреции зависит: )"", ""target"": ""Ну а больше я ничего не могу советовать, потому что очень от секреции зависит."", ""edit_type"": ""punctuation_delete"", ""start"": 79, ""end"": 80, ""source_fragment"": "")"", ""replacement"": """"}, {""source"": ""Шуточка бесполезного господина Голядкина-младшего, кажется, нашла отголосок, где следовало, тем более что в ней заключался коварный намек на одно обстоятельство, повидимому, уже гласное и известное всем."", ""target"": ""Шуточка бесполезного господина Голядкина-младшего, кажется, нашла отголосок где следовало, тем более, что в ней заключался коварный намёк на одно обстоятельство, по-видимому, уже гласное и известное всем."", ""edit_type"": ""punctuation_delete"", ""start"": 75, ""end"": 76, ""source_fragment"": "","", ""replacement"": """"}, {""source"": ""Не то чтобы я мало трудился, возможно иногда подзабивал на дела: ) но проблема скорее в том, что возникали некоторые сложности с самомотивацией и эффективностью моей работы."", ""target"": ""Не то чтобы я мало трудился, возможно, иногда подзабивал на дела, но проблема скорее в том, что возникали некоторые сложности с самомотивацией и эффективностью моей работы."", ""edit_type"": ""punctuation_replace"", ""start"": 63, ""end"": 64, ""source_fragment"": "":"", ""replacement"": "",""}, {""source"": ""Не то чтобы я мало трудился, возможно иногда подзабивал на дела: ) но проблема скорее в том, что возникали некоторые сложности с самомотивацией и эффективностью моей работы."", ""target"": ""Не то чтобы я мало трудился, возможно, иногда подзабивал на дела, но проблема скорее в том, что возникали некоторые сложности с самомотивацией и эффективностью моей работы."", ""edit_type"": ""punctuation_delete"", ""start"": 65, ""end"": 66, ""source_fragment"": "")"", ""replacement"": """"}, {""source"": ""А потом … возможно будет всго лишь … Латвия."", ""target"": ""А потом... возможно, будет всего лишь... Латвия."", ""edit_type"": ""punctuation_replace"", ""start"": 8, ""end"": 9, ""source_fragment"": ""…"", ""replacement"": "".""}, {""source"": ""А потом … возможно будет всго лишь … Латвия."", ""target"": ""А потом... возможно, будет всего лишь... Латвия."", ""edit_type"": ""punctuation_insert"", ""start"": 9, ""end"": 9, ""source_fragment"": """", ""replacement"": "".""}, {""source"": ""А потом … возможно будет всго лишь … Латвия."", ""target"": ""А потом... возможно, будет всего лишь... Латвия."", ""edit_type"": ""punctuation_replace"", ""start"": 35, ""end"": 36, ""source_fragment"": ""…"", ""replacement"": "".""}, {""source"": ""А потом … возможно будет всго лишь … Латвия."", ""target"": ""А потом... возможно, будет всего лишь... Латвия."", ""edit_type"": ""punctuation_insert"", ""start"": 36, ""end"": 36, ""source_fragment"": """", ""replacement"": "".""}, {""source"": ""Я очень рада, что вам мои посты нравятся :)"", ""target"": ""Я очень рада что вам мои посты нравятся"", ""edit_type"": ""punctuation_delete"", ""start"": 12, ""end"": 13, ""source_fragment"": "","", ""replacement"": """"}, {""source"": ""Я очень рада, что вам мои посты нравятся :)"", ""target"": ""Я очень рада что вам мои посты нравятся"", ""edit_type"": ""punctuation_delete"", ""start"": 42, ""end"": 43, ""source_fragment"": "")"", ""replacement"": """"}, {""source"": ""Ну а больше я ничего не могу советовать, потмоу что очень от секреции зависит: )"", ""target"": ""Ну а больше я ничего не могу советовать потому что очень от секреции зависит"", ""edit_type"": ""punctuation_delete"", ""start"": 39, ""end"": 40, ""source_fragment"": "","", ""replacement"": """"}, {""source"": ""Ну а больше я ничего не могу советовать, потмоу что очень от секреции зависит: )"", ""target"": ""Ну а больше я ничего не могу советовать потому что очень от секреции зависит"", ""edit_type"": ""punctuation_delete"", ""start"": 79, ""end"": 80, ""source_fragment"": "")"", ""replacement"": """"}, {""source"": ""На блогах очень много трепа но иногда среди этих залежей выходит нарыть ральные жемчуженки ;)"", ""target"": ""На блогах очень много трепа но иногда среди этих залежей выходит нарыть реальные жемчужинки"", ""edit_type"": ""punctuation_delete"", ""start"": 92, ""end"": 93, ""source_fragment"": "")"", ""replacement"": """"}]"
