rule_id,edit_type,split,candidate_count,positive_label_count,negative_label_count,positive_rate,avg_candidate_rank,examples
abbreviation_case_protection,case,train,5,0,5,0.0,2.4,рф->РФ
address_comma,punctuation_insert,train,850,850,0,1.0,1.296,"->, | ->, | ->,"
bracket_pair_balance,punctuation_insert,train,13,5,8,0.384615,4.4,->) | ->) | ->)
capitalization_sentence_start,case,train,1038,51,987,0.049133,1.235,мне->Мне | боже->Боже | очень->Очень
comma_conjunction,punctuation_insert,train,989,900,89,0.91001,1.41,"->, | ->, | ->,"
comma_subordinate,punctuation_insert,train,1670,932,738,0.558084,1.428,"->, | ->, | ->,"
comparative_turnover_comma,punctuation_insert,train,1117,840,277,0.752014,1.867,"->, | ->, | ->,"
context_chto_by,split_join,train,1730,850,880,0.491329,2.227,чтобы->что бы | что бы->чтобы | что бы->чтобы
context_nesmotrya,split_join,train,1645,1399,246,0.850456,2.623,не смотря->несмотря | не смотря на->несмотря на | Не смотря->Несмотря
context_tak_zhe,split_join,train,2596,959,1637,0.369414,2.025,так же->также | также->так же | также->так же
context_to_zhe,split_join,train,1091,813,278,0.745188,1.966,тоже->то же | тоже->то же | тоже->то же
context_vsledstvie,split_join,train,848,834,14,0.983491,1.999,Вследствие->В следствие | В следствие->Вследствие | Вследствие->В следствие
context_za_to,split_join,train,1556,809,747,0.519923,1.822,зато->за то | За то->Зато | Зато->За то
cy_exception,spelling,train,796,796,0,1.0,1.0,циган->цыган | ципленок->цыпленок | цикнуть->цыкнуть
detached_adverbial_comma,punctuation_insert,train,972,857,115,0.881687,1.707,"->, | ->, | ->,"
dictionary_fuzzy,spelling,train,19539,6082,13457,0.311275,1.825,затянутяся->затянуться | однаклассники->одноклассники | прекол->прикол
direct_speech_colon,punctuation_insert,train,3854,810,3044,0.210171,1.226,->: | ->: | ->:
direct_speech_dash,punctuation_insert,train,857,857,0,1.0,3.847,->— | ->— | ->—
direct_speech_quotes,punctuation_insert,train,5877,609,5268,0.103624,2.184,->« | ->« | ->«
double_consonant_candidate,spelling,train,4235,3839,396,0.906494,1.184,Пасажирам->Пассажирам | оффициально->официально | Расчитан->Рассчитан
enumeration_colon,punctuation_insert,train,926,896,30,0.967603,1.164,->: | ->: | ->:
explanation_colon,punctuation_insert,train,873,823,50,0.942726,1.32,->: | ->: | ->:
extra_letter_candidate,spelling,train,5912,1170,4742,0.197903,1.362,затянутяся->затянутся | получаеться->получается | Прердлагаю->Предлагаю
final_punctuation_default,final_punctuation,train,1236,912,324,0.737864,1.507,->. | ->. | ->.
frequent_error_exact,spelling,train,73,71,2,0.972603,1.085,Сдесь->Здесь | Обажаю->Обожаю | сдесь->здесь
frequent_error_exact,split_join,train,99,99,0,1.0,1.04,вообщем->в общем | вообщем->в общем | врядли->вряд ли
homogeneous_comma,punctuation_insert,train,898,857,41,0.954343,1.295,"->, | ->, | ->,"
hyphen_koe_koy,hyphen,train,813,813,0,1.0,1.001,кое что->кое-что | Кое кто->Кое-кто | Кое где->Кое-где
hyphen_particles,hyphen,train,863,858,5,0.994206,1.005,как то->как-то | почему то->почему-то | какая то->какая-то
hyphen_po_adverbs,hyphen,train,1383,837,546,0.605206,1.001,по настоящему->по-настоящему | по разному->по-разному | по людски->по-людски
hyphen_whitelist,hyphen,train,1,1,0,1.0,1.0,по-умолчанию->по умолчанию
introductory_comma,punctuation_insert,train,893,852,41,0.954087,1.19,"->, | ->, | ->,"
keyboard_typo_candidate,spelling,train,4579,824,3755,0.179952,1.072,начит->навит | довлю->ловлю | сожелению->сожалению
missing_hard_sign,spelling,train,282,20,262,0.070922,1.0,везде->въезде | Обединенного->Объединенного | изять->изъять
missing_letter_candidate,spelling,train,3147,1033,2114,0.328249,1.514,друзя->друзья | пасибо->спасибо | Сгодня->Сегодня
n_nn_adjective,spelling,train,886,38,848,0.042889,4.211,зеленая->зеленная | осеней->осенней | осеней->осенней
n_nn_deverbal_adjective,spelling,train,750,727,23,0.969333,1.805,жаренные->жареные | писанному->писаному | жаренный->жареный
n_nn_participle,spelling,train,311,44,267,0.141479,4.455,ученых->ученных | изменненным->измененным | долбаные->долбанные
n_nn_short_form,spelling,train,4054,44,4010,0.010853,4.0,магазина->магазинна | Моренна->Морена | Моренна->Морена
ne_adjective,split_join,train,2758,891,1867,0.32306,1.793,нерукотворного->не рукотворного | не маленькое->немаленькое | не плохая->неплохая
ne_adverb,split_join,train,2124,872,1252,0.410546,1.873,недорого->не дорого | не правильно->неправильно | не хорошо->нехорошо
ne_participle,split_join,train,1510,845,665,0.559603,1.724,необходимо->не обходимо | не прочитанный->непрочитанный | не подписанный->неподписанный
ne_verb,split_join,train,488,186,302,0.381148,3.817,недели->не дели | непомню->не помню | нехватает->не хватает
ni_stable_expression,split_join,train,839,0,839,0.0,2.153,ни в коем случае->не в коем случае
pattern_жо_же,spelling,train,171,121,50,0.707602,1.058,чужое->чужее | жо->же | жо->же
pattern_жы_жи,spelling,train,45,44,1,0.977778,1.045,Пейзажы->Пейзажи | скажы->скажи | лыжы->лыжи
pattern_цы_ци,spelling,train,9,1,8,0.111111,1.0,цыфр->цифр
pattern_чо_че,spelling,train,181,159,22,0.878453,1.063,ничо->ниче | Грачов->Грачев | чость->честь
pattern_чю_чу,spelling,train,14,14,0,1.0,1.0,добычю->добычу | добычю->добычу | добычю->добычу
pattern_чя_ча,spelling,train,75,75,0,1.0,1.04,Чят->Чат | прячясь->прячась | начяла->начала
pattern_шо_ше,spelling,train,303,67,236,0.221122,1.015,большом->большем | прошол->прошел | хорошой->хорошей
pattern_шы_ши,spelling,train,40,40,0,1.0,1.1,нашы->наши | нашы->наши | нашы->наши
pattern_що_ще,spelling,train,88,85,3,0.965909,1.012,хранилищо->хранилище | хранилищо->хранилище | хранилищо->хранилище
pattern_щя_ща,spelling,train,4,4,0,1.0,1.0,щяс->щас | размещяется->размещается | размещяется->размещается
pol_polu_compounds,hyphen,train,896,891,5,0.99442,1.081,пол второго->полвторого | пол второго->полвторого | полу слова->полуслова
prefix_pre_pri,spelling,train,1136,116,1020,0.102113,4.422,приходиться->преходиться | приклонился->преклонился | преступило->приступило
prefix_s_to_z,spelling,train,66,39,27,0.590909,1.0,расовых->разовых | исменит->изменит | исменит->изменит
prefix_z_to_s,spelling,train,15,15,0,1.0,1.0,взкоре->вскоре | взкоре->вскоре | взкоре->вскоре
punctuation_delete_replace,punctuation_delete,train,14,9,5,0.642857,1.0,":-> | :-> | ,->"
quote_close,punctuation_replace,train,10319,37,10282,0.003586,3.973,"""->» | ""->» | ""->»"
quote_open,punctuation_replace,train,10319,38,10281,0.003683,3.0,"""->« | ""->« | ""->«"
quote_pair_balance,punctuation_insert,train,85,0,85,0.0,3.294,->»
sdelat_prefix,spelling,train,28,27,1,0.964286,1.0,зделает->сделает | зделают->сделают | зделает->сделает
soft_to_hard_sign,spelling,train,26,23,3,0.884615,1.0,сьедает->съедает | сьели->съели | сьедим->съедим
subject_predicate_dash,punctuation_insert,train,1488,869,619,0.584005,1.185,->— | ->— | ->—
swapped_letters_candidate,spelling,train,1229,851,378,0.692433,1.031,гиора->игора | территроию->территорию | Поэтмоу->Поэтому
tsya_soft_delete,spelling,train,765,78,687,0.101961,2.167,держаться->держатся | приходиться->приходится | придеться->придется
tsya_soft_insert,spelling,train,1022,64,958,0.062622,2.078,котится->котиться | садится->садиться | гордится->гордиться
