rule_id,activation_stage,atomic_positive_count,hard_negative_count,candidate_recall,min_atomic_required,preferred_atomic,min_hard_required,corpus_mined_positive_count,syntax_mined_positive_count,morphology_mined_positive_count,real_pattern_replay_positive_count,rule_lab_positive_count,rule_lab_share,main_blocker,top_rejection_reason,recommended_next_action
abbreviation_case_protection,validator_dependent,0,0,0.0,500,1500,200,0,0,0,0,0,0.0,opportunities_seen_0,opportunities_seen_0,add_rule_specific_miner_or_templates
address_comma,production_ready,0,0,0.0,500,1500,200,0,0,0,0,0,0.0,opportunities_seen_0,opportunities_seen_0,add_rule_specific_miner_or_templates
apposition_comma,threshold_calibration,38,0,1.0,500,1500,200,0,0,0,38,0,0.0,candidate_missing,candidate_missing,fix_candidate_generator_or_rule_mapping
asyndetic_dash,needs_training,0,0,0.0,500,1500,200,0,0,0,0,0,0.0,non_atomic_edit_count,non_atomic_edit_count,fix_operator_or_miner_to_generate_atomic_edits
bracket_pair_balance,threshold_calibration,0,0,0.0,500,1500,200,0,0,0,0,0,0.0,target_quality_failed,target_quality_failed,fix_template_or_context_quality
capitalization_sentence_start,validator_dependent,0,0,0.0,500,1500,200,0,0,0,0,0,0.0,pattern_replay_unsafe,pattern_replay_unsafe,inspect_rule_data_compiler_rejections
clarification_comma,threshold_calibration,0,0,0.0,500,1500,200,0,0,0,0,0,0.0,pattern_replay_unsafe,pattern_replay_unsafe,inspect_rule_data_compiler_rejections
comma_conjunction,threshold_calibration,0,0,0.0,500,1500,200,0,0,0,0,0,0.0,pattern_replay_unsafe,pattern_replay_unsafe,inspect_rule_data_compiler_rejections
comma_subordinate,production_ready,1119,0,1.0,500,1500,200,0,1119,0,0,0,0.0,hard_negative_count_under_min,candidate_missing,add_hard_negative_miner_or_templates
comparative_turnover_comma,production_ready,0,0,0.0,500,1500,200,0,0,0,0,0,0.0,pattern_replay_unsafe,pattern_replay_unsafe,inspect_rule_data_compiler_rejections
consequence_dash,needs_training,0,0,0.0,500,1500,200,0,0,0,0,0,0.0,opportunities_seen_0,opportunities_seen_0,add_rule_specific_miner_or_templates
context_chto_by,threshold_calibration,66,0,1.0,500,1500,200,66,0,0,0,0,0.0,context_injection_share_exceeded,context_injection_share_exceeded,inspect_rule_data_compiler_rejections
context_nesmotrya,threshold_calibration,9,0,1.0,500,1500,200,9,0,0,0,0,0.0,strict_validator_rejected,strict_validator_rejected,fix_strict_validator_support
context_tak_zhe,threshold_calibration,213,5,1.0,500,1500,200,213,0,0,0,0,0.0,target_quality_failed,target_quality_failed,fix_template_or_context_quality
context_to_zhe,threshold_calibration,11,15,1.0,500,1500,200,11,0,0,0,0,0.0,target_quality_failed,target_quality_failed,fix_template_or_context_quality
context_vsledstvie,threshold_calibration,1,0,1.0,500,1500,200,1,0,0,0,0,0.0,target_quality_failed,target_quality_failed,fix_template_or_context_quality
context_za_to,threshold_calibration,1,6,1.0,500,1500,200,1,0,0,0,0,0.0,candidate_missing,candidate_missing,fix_candidate_generator_or_rule_mapping
cy_exception,threshold_calibration,0,0,0.0,500,1500,200,0,0,0,0,0,0.0,opportunities_seen_0,opportunities_seen_0,add_rule_specific_miner_or_templates
detached_adverbial_comma,production_ready,2,0,1.0,500,1500,200,0,2,0,0,0,0.0,candidate_missing,candidate_missing,fix_candidate_generator_or_rule_mapping
detached_participial_comma,threshold_calibration,33,0,1.0,500,1500,200,0,33,0,0,0,0.0,candidate_missing,candidate_missing,fix_candidate_generator_or_rule_mapping
dictionary_fuzzy,validator_dependent,102,0,1.0,500,1500,200,0,0,0,102,0,0.0,duplicate_pair,duplicate_pair,inspect_rule_data_compiler_rejections
direct_speech_colon,threshold_calibration,0,0,0.0,500,1500,200,0,0,0,0,0,0.0,candidate_missing,candidate_missing,fix_candidate_generator_or_rule_mapping
direct_speech_dash,production_ready,0,0,0.0,500,1500,200,0,0,0,0,0,0.0,non_atomic_edit_count,non_atomic_edit_count,fix_operator_or_miner_to_generate_atomic_edits
direct_speech_quotes,threshold_calibration,0,0,0.0,500,1500,200,0,0,0,0,0,0.0,opportunities_seen_0,opportunities_seen_0,add_rule_specific_miner_or_templates
double_consonant_candidate,validator_dependent,15,0,1.0,500,1500,200,0,0,0,15,0,0.0,duplicate_pair,duplicate_pair,inspect_rule_data_compiler_rejections
enumeration_colon,threshold_calibration,0,0,0.0,500,1500,200,0,0,0,0,0,0.0,candidate_missing,candidate_missing,fix_candidate_generator_or_rule_mapping
enumeration_dash,threshold_calibration,0,0,0.0,500,1500,200,0,0,0,0,0,0.0,opportunities_seen_0,opportunities_seen_0,add_rule_specific_miner_or_templates
explanation_colon,threshold_calibration,0,0,0.0,500,1500,200,0,0,0,0,0,0.0,candidate_missing,candidate_missing,fix_candidate_generator_or_rule_mapping
extra_letter_candidate,validator_dependent,48,0,1.0,500,1500,200,0,0,0,48,0,0.0,duplicate_pair,duplicate_pair,inspect_rule_data_compiler_rejections
final_punctuation_default,validator_dependent,0,0,0.0,500,1500,200,0,0,0,0,0,0.0,pattern_replay_unsafe,pattern_replay_unsafe,inspect_rule_data_compiler_rejections
frequent_error_exact,validator_dependent,23,0,1.0,500,1500,200,0,0,0,23,0,0.0,duplicate_pair,duplicate_pair,inspect_rule_data_compiler_rejections
homogeneous_comma,threshold_calibration,17,0,1.0,500,1500,200,0,17,0,0,0,0.0,candidate_missing,candidate_missing,fix_candidate_generator_or_rule_mapping
hyphen_koe_koy,production_ready,0,0,0.0,500,1500,200,0,0,0,0,0,0.0,opportunities_seen_0,opportunities_seen_0,add_rule_specific_miner_or_templates
hyphen_particles,production_ready,0,0,0.0,500,1500,200,0,0,0,0,0,0.0,pattern_replay_unsafe,pattern_replay_unsafe,inspect_rule_data_compiler_rejections
hyphen_po_adverbs,validator_dependent,0,0,0.0,500,1500,200,0,0,0,0,0,0.0,pattern_replay_unsafe,pattern_replay_unsafe,inspect_rule_data_compiler_rejections
hyphen_whitelist,production_ready,0,0,0.0,500,1500,200,0,0,0,0,0,0.0,pattern_replay_unsafe,pattern_replay_unsafe,inspect_rule_data_compiler_rejections
introductory_comma,production_ready,18,0,1.0,500,1500,200,0,18,0,0,0,0.0,candidate_missing,candidate_missing,fix_candidate_generator_or_rule_mapping
keyboard_typo_candidate,validator_dependent,297,0,1.0,500,1500,200,0,0,0,297,0,0.0,duplicate_pair,duplicate_pair,inspect_rule_data_compiler_rejections
missing_hard_sign,threshold_calibration,0,0,0.0,500,1500,200,0,0,0,0,0,0.0,opportunities_seen_0,opportunities_seen_0,add_rule_specific_miner_or_templates
missing_letter_candidate,validator_dependent,653,0,1.0,500,1500,200,0,0,0,653,0,0.0,hard_negative_count_under_min,duplicate_pair,add_hard_negative_miner_or_templates
n_nn_adjective,threshold_calibration,23,0,1.0,500,1500,200,0,0,23,0,0,0.0,candidate_missing,candidate_missing,fix_candidate_generator_or_rule_mapping
n_nn_deverbal_adjective,threshold_calibration,0,0,0.0,500,1500,200,0,0,0,0,0,0.0,pattern_replay_unsafe,pattern_replay_unsafe,inspect_rule_data_compiler_rejections
n_nn_participle,threshold_calibration,0,0,0.0,500,1500,200,0,0,0,0,0,0.0,pattern_replay_unsafe,pattern_replay_unsafe,inspect_rule_data_compiler_rejections
n_nn_short_form,threshold_calibration,0,0,0.0,500,1500,200,0,0,0,0,0,0.0,opportunities_seen_0,opportunities_seen_0,add_rule_specific_miner_or_templates
ne_adjective,threshold_calibration,0,0,0.0,500,1500,200,0,0,0,0,0,0.0,pattern_replay_unsafe,pattern_replay_unsafe,inspect_rule_data_compiler_rejections
ne_adverb,threshold_calibration,0,0,0.0,500,1500,200,0,0,0,0,0,0.0,pattern_replay_unsafe,pattern_replay_unsafe,inspect_rule_data_compiler_rejections
ne_participle,threshold_calibration,0,0,0.0,500,1500,200,0,0,0,0,0,0.0,pattern_replay_unsafe,pattern_replay_unsafe,inspect_rule_data_compiler_rejections
ne_predicative,threshold_calibration,0,0,0.0,500,1500,200,0,0,0,0,0,0.0,pattern_replay_unsafe,pattern_replay_unsafe,inspect_rule_data_compiler_rejections
ne_short_form,threshold_calibration,0,0,0.0,500,1500,200,0,0,0,0,0,0.0,opportunities_seen_0,opportunities_seen_0,add_rule_specific_miner_or_templates
ne_verb,threshold_calibration,19,0,1.0,500,1500,200,0,0,0,19,0,0.0,duplicate_pair,duplicate_pair,inspect_rule_data_compiler_rejections
ni_particle_context,threshold_calibration,0,0,0.0,500,1500,200,0,0,0,0,0,0.0,opportunities_seen_0,opportunities_seen_0,add_rule_specific_miner_or_templates
ni_stable_expression,threshold_calibration,0,0,0.0,500,1500,200,0,0,0,0,0,0.0,opportunities_seen_0,opportunities_seen_0,add_rule_specific_miner_or_templates
pattern_жо_же,threshold_calibration,0,0,0.0,500,1500,200,0,0,0,0,0,0.0,pattern_replay_unsafe,pattern_replay_unsafe,inspect_rule_data_compiler_rejections
pattern_жы_жи,threshold_calibration,0,0,0.0,500,1500,200,0,0,0,0,0,0.0,pattern_replay_unsafe,pattern_replay_unsafe,inspect_rule_data_compiler_rejections
pattern_цы_ци,threshold_calibration,0,0,0.0,500,1500,200,0,0,0,0,0,0.0,opportunities_seen_0,opportunities_seen_0,add_rule_specific_miner_or_templates
pattern_чо_че,threshold_calibration,0,0,0.0,500,1500,200,0,0,0,0,0,0.0,opportunities_seen_0,opportunities_seen_0,add_rule_specific_miner_or_templates
pattern_чю_чу,threshold_calibration,0,0,0.0,500,1500,200,0,0,0,0,0,0.0,opportunities_seen_0,opportunities_seen_0,add_rule_specific_miner_or_templates
pattern_чя_ча,threshold_calibration,0,0,0.0,500,1500,200,0,0,0,0,0,0.0,pattern_replay_unsafe,pattern_replay_unsafe,inspect_rule_data_compiler_rejections
pattern_шо_ше,threshold_calibration,0,0,0.0,500,1500,200,0,0,0,0,0,0.0,pattern_replay_unsafe,pattern_replay_unsafe,inspect_rule_data_compiler_rejections
pattern_шы_ши,threshold_calibration,0,0,0.0,500,1500,200,0,0,0,0,0,0.0,opportunities_seen_0,opportunities_seen_0,add_rule_specific_miner_or_templates
pattern_що_ще,threshold_calibration,0,0,0.0,500,1500,200,0,0,0,0,0,0.0,opportunities_seen_0,opportunities_seen_0,add_rule_specific_miner_or_templates
pattern_щю_щу,threshold_calibration,0,0,0.0,500,1500,200,0,0,0,0,0,0.0,opportunities_seen_0,opportunities_seen_0,add_rule_specific_miner_or_templates
pattern_щя_ща,threshold_calibration,0,0,0.0,500,1500,200,0,0,0,0,0,0.0,pattern_replay_unsafe,pattern_replay_unsafe,inspect_rule_data_compiler_rejections
pol_polu_compounds,threshold_calibration,0,0,0.0,500,1500,200,0,0,0,0,0,0.0,pattern_replay_unsafe,pattern_replay_unsafe,inspect_rule_data_compiler_rejections
prefix_pre_pri,threshold_calibration,0,0,0.0,500,1500,200,0,0,0,0,0,0.0,pattern_replay_unsafe,pattern_replay_unsafe,inspect_rule_data_compiler_rejections
prefix_s_to_z,threshold_calibration,0,0,0.0,500,1500,200,0,0,0,0,0,0.0,pattern_replay_unsafe,pattern_replay_unsafe,inspect_rule_data_compiler_rejections
prefix_z_to_s,threshold_calibration,0,0,0.0,500,1500,200,0,0,0,0,0,0.0,opportunities_seen_0,opportunities_seen_0,add_rule_specific_miner_or_templates
punctuation_delete_replace,threshold_calibration,0,0,0.0,500,1500,200,0,0,0,0,0,0.0,pattern_replay_unsafe,pattern_replay_unsafe,inspect_rule_data_compiler_rejections
quote_pair_balance,threshold_calibration,0,0,0.0,500,1500,200,0,0,0,0,0,0.0,target_quality_failed,target_quality_failed,fix_template_or_context_quality
sdelat_prefix,threshold_calibration,0,0,0.0,500,1500,200,0,0,0,0,0,0.0,pattern_replay_unsafe,pattern_replay_unsafe,inspect_rule_data_compiler_rejections
semicolon,needs_training,0,0,0.0,500,1500,200,0,0,0,0,0,0.0,opportunities_seen_0,opportunities_seen_0,add_rule_specific_miner_or_templates
soft_to_hard_sign,threshold_calibration,0,0,0.0,500,1500,200,0,0,0,0,0,0.0,pattern_replay_unsafe,pattern_replay_unsafe,inspect_rule_data_compiler_rejections
subject_predicate_dash,threshold_calibration,0,0,0.0,500,1500,200,0,0,0,0,0,0.0,non_atomic_edit_count,non_atomic_edit_count,fix_operator_or_miner_to_generate_atomic_edits
swapped_letters_candidate,validator_dependent,23,0,1.0,500,1500,200,0,0,0,23,0,0.0,duplicate_pair,duplicate_pair,inspect_rule_data_compiler_rejections
tsya_soft_delete,threshold_calibration,0,0,0.0,500,1500,200,0,0,0,0,0,0.0,candidate_missing,candidate_missing,fix_candidate_generator_or_rule_mapping
tsya_soft_insert,threshold_calibration,0,0,0.0,500,1500,200,0,0,0,0,0,0.0,strict_validator_rejected,strict_validator_rejected,fix_strict_validator_support
