rule_id,reason
abbreviation_case_protection,insufficient_verified_examples
address_comma,insufficient_verified_examples_after_backfill
apposition_comma,insufficient_verified_examples
asyndetic_dash,insufficient_verified_examples
capitalization_ner,BLOCK_MISSING_MODULE
clarification_comma,insufficient_verified_examples
comparative_turnover_comma,insufficient_verified_examples_after_backfill
consequence_dash,insufficient_verified_examples
context_nesmotrya,insufficient_verified_examples_after_backfill
context_to_zhe,insufficient_verified_examples_after_backfill
context_vsledstvie,insufficient_verified_examples_after_backfill
context_za_to,insufficient_verified_examples_after_backfill
cy_exception,insufficient_verified_examples_after_backfill
detached_adverbial_comma,insufficient_verified_examples_after_backfill
detached_participial_comma,insufficient_verified_examples_after_backfill
dictionary_fuzzy,insufficient_verified_examples_after_backfill
direct_speech_colon,insufficient_verified_examples_after_backfill
direct_speech_dash,insufficient_verified_examples_after_backfill
direct_speech_quotes,insufficient_verified_examples_after_backfill
double_consonant_candidate,insufficient_verified_examples_after_backfill
enumeration_colon,insufficient_verified_examples_after_backfill
enumeration_dash,insufficient_verified_examples
explanation_colon,insufficient_verified_examples_after_backfill
extra_letter_candidate,insufficient_verified_examples_after_backfill
homogeneous_comma,insufficient_verified_examples_after_backfill
hyphen_koe_koy,insufficient_verified_examples_after_backfill
hyphen_particles,insufficient_verified_examples_after_backfill
hyphen_po_adverbs,insufficient_verified_examples_after_backfill
hyphen_whitelist,insufficient_verified_examples
introductory_comma,insufficient_verified_examples_after_backfill
keyboard_typo_candidate,insufficient_verified_examples_after_backfill
missing_letter_candidate,insufficient_verified_examples_after_backfill
n_nn_deverbal_adjective,insufficient_verified_examples_after_backfill
ne_short_form,insufficient_verified_examples_after_backfill
neural_punctuation,BLOCK_MISSING_MODULE
ni_particle_context,insufficient_verified_examples_after_backfill
ni_stable_expression,insufficient_verified_examples_after_backfill
pattern_щю_щу,insufficient_verified_examples
pol_polu_compounds,insufficient_verified_examples_after_backfill
quote_close,BLOCK_EXCLUDED_BY_OPERATOR_POLICY
quote_open,BLOCK_EXCLUDED_BY_OPERATOR_POLICY
quote_pair_balance,insufficient_verified_examples_after_backfill
semicolon,insufficient_verified_examples_after_backfill
subject_predicate_dash,insufficient_verified_examples_after_backfill
swapped_letters_candidate,insufficient_verified_examples_after_backfill
yo_e_candidate,BLOCK_YO_E_DISABLED
