taxonomy_key,domain,rule_id,training_decision,training_reason,activation_stage,production_ready,training_candidate,include,include_in_training,activation_exclusion_reason,has_candidate_path,has_synthetic_support,has_hard_negative_support,has_validator_support,requires,validator_probe_status,validator_probe_reason,validator_probe_passed_examples,validator_probe_example_count
orthography_1_1_2_1,orthography,pattern_чя_ча,INCLUDE_AFTER_THRESHOLD_CALIBRATION,candidate path verified; current blocker is threshold calibration,threshold_calibration,False,True,True,True,policy_decision_included,True,True,True,True,"[""dictionary""]",,,0,0
orthography_1_1_2_1,orthography,pattern_щя_ща,INCLUDE_AFTER_THRESHOLD_CALIBRATION,candidate path verified; current blocker is threshold calibration,threshold_calibration,False,True,True,True,policy_decision_included,True,True,True,True,"[""dictionary""]",,,0,0
orthography_1_1_2_1,orthography,pattern_чю_чу,INCLUDE_AFTER_THRESHOLD_CALIBRATION,candidate path verified; current blocker is threshold calibration,threshold_calibration,False,True,True,True,policy_decision_included,True,True,True,True,"[""dictionary""]",,,0,0
orthography_1_1_2_1,orthography,pattern_щю_щу,INCLUDE_AFTER_THRESHOLD_CALIBRATION,candidate path verified; current blocker is threshold calibration,threshold_calibration,False,True,True,True,policy_decision_included,True,True,True,True,"[""dictionary""]",,,0,0
orthography_1_1_2_2,orthography,pattern_жы_жи,INCLUDE_AFTER_THRESHOLD_CALIBRATION,candidate path verified; current blocker is model training distribution; candidate path verified; current blocker is threshold calibration,threshold_calibration,False,True,True,True,policy_decision_included,True,True,True,True,"[""dictionary""]",,,0,0
orthography_1_1_2_2,orthography,pattern_шы_ши,INCLUDE_AFTER_THRESHOLD_CALIBRATION,candidate path verified; current blocker is model training distribution; candidate path verified; current blocker is threshold calibration,threshold_calibration,False,True,True,True,policy_decision_included,True,True,True,True,"[""dictionary""]",,,0,0
orthography_1_1_2_2,orthography,pattern_цы_ци,INCLUDE_AFTER_THRESHOLD_CALIBRATION,candidate path verified; current blocker is model training distribution; candidate path verified; current blocker is threshold calibration,threshold_calibration,False,True,True,True,policy_decision_included,True,True,True,True,"[""dictionary""]",,,0,0
orthography_1_1_2_2,orthography,cy_exception,INCLUDE_AFTER_THRESHOLD_CALIBRATION,candidate path verified; current blocker is model training distribution; candidate path verified; current blocker is threshold calibration,threshold_calibration,False,True,True,True,policy_decision_included,True,True,True,True,"[""dictionary""]",,,0,0
orthography_1_1_2_3,orthography,pattern_жо_же,INCLUDE_AFTER_THRESHOLD_CALIBRATION,candidate path verified; current blocker is threshold calibration,threshold_calibration,False,True,True,True,policy_decision_included,True,True,True,True,"[""dictionary""]",,,0,0
orthography_1_1_2_3,orthography,pattern_шо_ше,INCLUDE_AFTER_THRESHOLD_CALIBRATION,candidate path verified; current blocker is threshold calibration,threshold_calibration,False,True,True,True,policy_decision_included,True,True,True,True,"[""dictionary""]",,,0,0
orthography_1_1_2_3,orthography,pattern_чо_че,INCLUDE_AFTER_THRESHOLD_CALIBRATION,candidate path verified; current blocker is threshold calibration,threshold_calibration,False,True,True,True,policy_decision_included,True,True,True,True,"[""dictionary""]",,,0,0
orthography_1_1_2_3,orthography,pattern_що_ще,INCLUDE_AFTER_THRESHOLD_CALIBRATION,candidate path verified; current blocker is threshold calibration,threshold_calibration,False,True,True,True,policy_decision_included,True,True,True,True,"[""dictionary""]",,,0,0
orthography_1_1_4_1,orthography,soft_to_hard_sign,INCLUDE_AFTER_THRESHOLD_CALIBRATION,candidate path verified; current blocker is threshold calibration,threshold_calibration,False,True,True,True,policy_decision_included,True,True,True,True,"[""dictionary""]",,,0,0
orthography_1_1_4_1,orthography,missing_hard_sign,INCLUDE_AFTER_THRESHOLD_CALIBRATION,candidate path verified; current blocker is threshold calibration,threshold_calibration,False,True,True,True,policy_decision_included,True,True,True,True,"[""dictionary""]",,,0,0
orthography_1_1_4_4,orthography,tsya_soft_insert,INCLUDE_AFTER_THRESHOLD_CALIBRATION,syntax eval support verified; candidate recall and hard-negative gates pass,threshold_calibration,False,True,True,True,policy_decision_included,True,True,True,True,"[""model"", ""morphology"", ""syntax""]",,,0,0
orthography_1_1_4_4,orthography,tsya_soft_delete,INCLUDE_AFTER_THRESHOLD_CALIBRATION,syntax eval support verified; candidate recall and hard-negative gates pass,threshold_calibration,False,True,True,True,policy_decision_included,True,True,True,True,"[""model"", ""morphology"", ""syntax""]",,,0,0
orthography_1_2_3_2,orthography,prefix_pre_pri,INCLUDE_AFTER_THRESHOLD_CALIBRATION,candidate path verified; current blocker is threshold calibration,threshold_calibration,False,True,True,True,policy_decision_included,True,True,True,True,"[""dictionary"", ""model""]",,,0,0
orthography_1_2_9_8,orthography,ni_stable_expression,INCLUDE_AFTER_THRESHOLD_CALIBRATION,syntax eval support verified; candidate recall and hard-negative gates pass,threshold_calibration,False,True,True,True,policy_decision_included,True,True,True,True,"[""model"", ""morphology"", ""syntax""]",,,0,0
orthography_1_3_1_4,orthography,sdelat_prefix,INCLUDE_AFTER_THRESHOLD_CALIBRATION,candidate path verified; current blocker is threshold calibration,threshold_calibration,False,True,True,True,policy_decision_included,True,True,True,True,"[""dictionary""]",,,0,0
orthography_1_3_1_4,orthography,prefix_z_to_s,INCLUDE_AFTER_THRESHOLD_CALIBRATION,candidate path verified; current blocker is threshold calibration,threshold_calibration,False,True,True,True,policy_decision_included,True,True,True,True,"[""dictionary""]",,,0,0
orthography_1_3_1_4,orthography,prefix_s_to_z,INCLUDE_AFTER_THRESHOLD_CALIBRATION,candidate path verified; current blocker is threshold calibration,threshold_calibration,False,True,True,True,policy_decision_included,True,True,True,True,"[""dictionary""]",,,0,0
orthography_1_3_6_5,orthography,n_nn_adjective,INCLUDE_AFTER_THRESHOLD_CALIBRATION,syntax eval support verified; candidate recall and hard-negative gates pass,threshold_calibration,False,True,True,True,policy_decision_included,True,True,True,True,"[""dictionary"", ""model"", ""morphology"", ""syntax""]",,,0,0
orthography_1_3_6_6,orthography,n_nn_participle,INCLUDE_AFTER_THRESHOLD_CALIBRATION,syntax eval support verified; candidate recall and hard-negative gates pass,threshold_calibration,False,True,True,True,policy_decision_included,True,True,True,True,"[""dictionary"", ""model"", ""morphology"", ""syntax""]",,,0,0
orthography_1_3_6_7,orthography,n_nn_deverbal_adjective,INCLUDE_AFTER_THRESHOLD_CALIBRATION,syntax eval support verified; candidate recall and hard-negative gates pass,threshold_calibration,False,True,True,True,policy_decision_included,True,True,True,True,"[""dictionary"", ""model"", ""morphology"", ""syntax""]",,,0,0
orthography_1_3_6_8,orthography,n_nn_short_form,INCLUDE_AFTER_THRESHOLD_CALIBRATION,syntax eval support verified; candidate recall and hard-negative gates pass,threshold_calibration,False,True,True,True,policy_decision_included,True,True,True,True,"[""dictionary"", ""model"", ""morphology"", ""syntax""]",,,0,0
orthography_1_3_6_9,orthography,double_consonant_candidate,INCLUDE_AFTER_VALIDATOR,candidate path verified; validator guards and hard negatives are required before dataset build,validator_dependent,False,True,True,True,runtime_validator_supported,True,True,True,True,"[""dictionary"", ""model""]",,,0,0
orthography_3_1_1_2_9,orthography,pol_polu_compounds,INCLUDE_AFTER_THRESHOLD_CALIBRATION,candidate path verified; current blocker is threshold calibration,threshold_calibration,False,True,True,True,policy_decision_included,True,True,True,True,"[""dictionary"", ""model"", ""morphology""]",,,0,0
orthography_3_4_1,orthography,context_to_zhe,INCLUDE_AFTER_THRESHOLD_CALIBRATION,syntax eval support verified; candidate recall and hard-negative gates pass,threshold_calibration,False,True,True,True,policy_decision_included,True,True,True,True,"[""syntax"", ""morphology"", ""model""]",,,0,0
orthography_3_4_1,orthography,context_chto_by,INCLUDE_AFTER_THRESHOLD_CALIBRATION,syntax eval support verified; candidate recall and hard-negative gates pass,threshold_calibration,False,True,True,True,policy_decision_included,True,True,True,True,"[""syntax"", ""morphology"", ""model""]",,,0,0
orthography_3_4_2_1,orthography,hyphen_koe_koy,INCLUDE_NOW,"candidate, synthetic, hard-negative, and validator gates are available",production_ready,True,True,True,True,policy_decision_included,True,True,True,True,"[""model""]",,,0,0
orthography_3_4_2_2,orthography,hyphen_particles,INCLUDE_NOW,"candidate, synthetic, hard-negative, and validator gates are available",production_ready,True,True,True,True,policy_decision_included,True,True,True,True,"[""model""]",,,0,0
orthography_3_4_3_2,orthography,context_to_zhe,INCLUDE_AFTER_THRESHOLD_CALIBRATION,syntax eval support verified; candidate recall and hard-negative gates pass,threshold_calibration,False,True,True,True,policy_decision_included,True,True,True,True,"[""syntax"", ""morphology"", ""model""]",,,0,0
orthography_3_4_3_2,orthography,context_chto_by,INCLUDE_AFTER_THRESHOLD_CALIBRATION,syntax eval support verified; candidate recall and hard-negative gates pass,threshold_calibration,False,True,True,True,policy_decision_included,True,True,True,True,"[""syntax"", ""morphology"", ""model""]",,,0,0
orthography_3_5_3_2,orthography,hyphen_po_adverbs,INCLUDE_AFTER_VALIDATOR,candidate path verified; validator guards and hard negatives are required before dataset build,validator_dependent,False,True,True,True,runtime_validator_supported,True,True,True,True,"[""model""]",,,0,0
orthography_3_5_4,orthography,ne_adverb,INCLUDE_AFTER_THRESHOLD_CALIBRATION,syntax eval support verified; candidate recall and hard-negative gates pass,threshold_calibration,False,True,True,True,policy_decision_included,True,True,True,True,"[""syntax"", ""morphology"", ""model""]",,,0,0
orthography_3_5_4,orthography,ne_predicative,INCLUDE_AFTER_THRESHOLD_CALIBRATION,syntax eval support verified; candidate recall and hard-negative gates pass,threshold_calibration,False,True,True,True,policy_decision_included,True,True,True,True,"[""syntax"", ""morphology"", ""model""]",,,0,0
orthography_3_6_1_1,orthography,context_vsledstvie,INCLUDE_AFTER_THRESHOLD_CALIBRATION,syntax eval support verified; candidate recall and hard-negative gates pass,threshold_calibration,False,True,True,True,policy_decision_included,True,True,True,True,"[""model"", ""syntax""]",,,0,0
orthography_3_6_1_1,orthography,context_nesmotrya,INCLUDE_AFTER_THRESHOLD_CALIBRATION,syntax eval support verified; candidate recall and hard-negative gates pass,threshold_calibration,False,True,True,True,policy_decision_included,True,True,True,True,"[""model"", ""syntax""]",,,0,0
orthography_3_6_1_2,orthography,context_chto_by,INCLUDE_AFTER_THRESHOLD_CALIBRATION,syntax eval support verified; candidate recall and hard-negative gates pass,threshold_calibration,False,True,True,True,policy_decision_included,True,True,True,True,"[""syntax"", ""morphology"", ""model""]",,,0,0
orthography_3_6_1_2,orthography,context_za_to,INCLUDE_AFTER_THRESHOLD_CALIBRATION,syntax eval support verified; candidate recall and hard-negative gates pass,threshold_calibration,False,True,True,True,policy_decision_included,True,True,True,True,"[""syntax"", ""morphology"", ""model""]",,,0,0
orthography_3_6_1_2,orthography,context_vsledstvie,INCLUDE_AFTER_THRESHOLD_CALIBRATION,syntax eval support verified; candidate recall and hard-negative gates pass,threshold_calibration,False,True,True,True,policy_decision_included,True,True,True,True,"[""syntax"", ""morphology"", ""model""]",,,0,0
orthography_3_6_1_2,orthography,context_nesmotrya,INCLUDE_AFTER_THRESHOLD_CALIBRATION,syntax eval support verified; candidate recall and hard-negative gates pass,threshold_calibration,False,True,True,True,policy_decision_included,True,True,True,True,"[""syntax"", ""morphology"", ""model""]",,,0,0
orthography_3_6_1_3,orthography,context_tak_zhe,INCLUDE_AFTER_THRESHOLD_CALIBRATION,syntax eval support verified; candidate recall and hard-negative gates pass,threshold_calibration,False,True,True,True,policy_decision_included,True,True,True,True,"[""model"", ""syntax""]",,,0,0
orthography_3_6_1_3,orthography,context_to_zhe,INCLUDE_AFTER_THRESHOLD_CALIBRATION,syntax eval support verified; candidate recall and hard-negative gates pass,threshold_calibration,False,True,True,True,policy_decision_included,True,True,True,True,"[""model"", ""syntax""]",,,0,0
orthography_3_6_1_3,orthography,context_chto_by,INCLUDE_AFTER_THRESHOLD_CALIBRATION,syntax eval support verified; candidate recall and hard-negative gates pass,threshold_calibration,False,True,True,True,policy_decision_included,True,True,True,True,"[""model"", ""syntax""]",,,0,0
orthography_3_6_3_2,orthography,context_za_to,INCLUDE_AFTER_THRESHOLD_CALIBRATION,syntax eval support verified; candidate recall and hard-negative gates pass,threshold_calibration,False,True,True,True,policy_decision_included,True,True,True,True,"[""model"", ""syntax""]",,,0,0
orthography_3_6_4_1,orthography,context_tak_zhe,INCLUDE_AFTER_THRESHOLD_CALIBRATION,syntax eval support verified; candidate recall and hard-negative gates pass,threshold_calibration,False,True,True,True,policy_decision_included,True,True,True,True,"[""syntax"", ""morphology"", ""model""]",,,0,0
orthography_3_6_4_1,orthography,context_to_zhe,INCLUDE_AFTER_THRESHOLD_CALIBRATION,syntax eval support verified; candidate recall and hard-negative gates pass,threshold_calibration,False,True,True,True,policy_decision_included,True,True,True,True,"[""syntax"", ""morphology"", ""model""]",,,0,0
orthography_3_6_4_1,orthography,context_chto_by,INCLUDE_AFTER_THRESHOLD_CALIBRATION,syntax eval support verified; candidate recall and hard-negative gates pass,threshold_calibration,False,True,True,True,policy_decision_included,True,True,True,True,"[""syntax"", ""morphology"", ""model""]",,,0,0
orthography_3_6_4_2,orthography,context_tak_zhe,INCLUDE_AFTER_THRESHOLD_CALIBRATION,syntax eval support verified; candidate recall and hard-negative gates pass,threshold_calibration,False,True,True,True,policy_decision_included,True,True,True,True,"[""syntax"", ""morphology"", ""model""]",,,0,0
orthography_3_6_4_2,orthography,context_to_zhe,INCLUDE_AFTER_THRESHOLD_CALIBRATION,syntax eval support verified; candidate recall and hard-negative gates pass,threshold_calibration,False,True,True,True,policy_decision_included,True,True,True,True,"[""syntax"", ""morphology"", ""model""]",,,0,0
orthography_3_6_4_2,orthography,context_chto_by,INCLUDE_AFTER_THRESHOLD_CALIBRATION,syntax eval support verified; candidate recall and hard-negative gates pass,threshold_calibration,False,True,True,True,policy_decision_included,True,True,True,True,"[""syntax"", ""morphology"", ""model""]",,,0,0
orthography_3_7_1_4_1,orthography,ne_adjective,INCLUDE_AFTER_THRESHOLD_CALIBRATION,syntax eval support verified; candidate recall and hard-negative gates pass,threshold_calibration,False,True,True,True,policy_decision_included,True,True,True,True,"[""model"", ""morphology"", ""syntax""]",,,0,0
orthography_3_7_1_4_1,orthography,ne_adverb,INCLUDE_AFTER_THRESHOLD_CALIBRATION,syntax eval support verified; candidate recall and hard-negative gates pass,threshold_calibration,False,True,True,True,policy_decision_included,True,True,True,True,"[""model"", ""morphology"", ""syntax""]",,,0,0
orthography_3_7_1_4_4,orthography,ne_adjective,INCLUDE_AFTER_THRESHOLD_CALIBRATION,syntax eval support verified; candidate recall and hard-negative gates pass,threshold_calibration,False,True,True,True,policy_decision_included,True,True,True,True,"[""syntax"", ""morphology"", ""model""]",,,0,0
orthography_3_7_1_4_4,orthography,ne_adverb,INCLUDE_AFTER_THRESHOLD_CALIBRATION,syntax eval support verified; candidate recall and hard-negative gates pass,threshold_calibration,False,True,True,True,policy_decision_included,True,True,True,True,"[""syntax"", ""morphology"", ""model""]",,,0,0
orthography_3_7_1_4_4,orthography,ne_short_form,INCLUDE_AFTER_THRESHOLD_CALIBRATION,syntax eval support verified; candidate recall and hard-negative gates pass,threshold_calibration,False,True,True,True,policy_decision_included,True,True,True,True,"[""syntax"", ""morphology"", ""model""]",,,0,0
orthography_3_7_1_4_4,orthography,ne_predicative,INCLUDE_AFTER_THRESHOLD_CALIBRATION,syntax eval support verified; candidate recall and hard-negative gates pass,threshold_calibration,False,True,True,True,policy_decision_included,True,True,True,True,"[""syntax"", ""morphology"", ""model""]",,,0,0
orthography_3_7_1_4_5,orthography,ne_adjective,INCLUDE_AFTER_THRESHOLD_CALIBRATION,syntax eval support verified; candidate recall and hard-negative gates pass,threshold_calibration,False,True,True,True,policy_decision_included,True,True,True,True,"[""syntax"", ""morphology"", ""model""]",,,0,0
orthography_3_7_1_4_5,orthography,ne_adverb,INCLUDE_AFTER_THRESHOLD_CALIBRATION,syntax eval support verified; candidate recall and hard-negative gates pass,threshold_calibration,False,True,True,True,policy_decision_included,True,True,True,True,"[""syntax"", ""morphology"", ""model""]",,,0,0
orthography_3_7_1_4_5,orthography,ne_short_form,INCLUDE_AFTER_THRESHOLD_CALIBRATION,syntax eval support verified; candidate recall and hard-negative gates pass,threshold_calibration,False,True,True,True,policy_decision_included,True,True,True,True,"[""syntax"", ""morphology"", ""model""]",,,0,0
orthography_3_7_1_4_5,orthography,ne_predicative,INCLUDE_AFTER_THRESHOLD_CALIBRATION,syntax eval support verified; candidate recall and hard-negative gates pass,threshold_calibration,False,True,True,True,policy_decision_included,True,True,True,True,"[""syntax"", ""morphology"", ""model""]",,,0,0
orthography_3_7_1_5,orthography,ne_participle,INCLUDE_AFTER_THRESHOLD_CALIBRATION,syntax eval support verified; candidate recall and hard-negative gates pass,threshold_calibration,False,True,True,True,policy_decision_included,True,True,True,True,"[""syntax"", ""morphology"", ""model""]",,,0,0
orthography_3_7_2_1,orthography,ne_verb,INCLUDE_AFTER_THRESHOLD_CALIBRATION,syntax eval support verified; candidate recall and hard-negative gates pass,threshold_calibration,False,True,True,True,policy_decision_included,True,True,True,True,"[""model"", ""morphology"", ""syntax""]",,,0,0
orthography_3_7_2_8,orthography,ne_adjective,INCLUDE_AFTER_THRESHOLD_CALIBRATION,syntax eval support verified; candidate recall and hard-negative gates pass,threshold_calibration,False,True,True,True,policy_decision_included,True,True,True,True,"[""syntax"", ""morphology"", ""model""]",,,0,0
orthography_3_7_2_8,orthography,ne_adverb,INCLUDE_AFTER_THRESHOLD_CALIBRATION,syntax eval support verified; candidate recall and hard-negative gates pass,threshold_calibration,False,True,True,True,policy_decision_included,True,True,True,True,"[""syntax"", ""morphology"", ""model""]",,,0,0
orthography_3_7_2_8,orthography,ne_participle,INCLUDE_AFTER_THRESHOLD_CALIBRATION,syntax eval support verified; candidate recall and hard-negative gates pass,threshold_calibration,False,True,True,True,policy_decision_included,True,True,True,True,"[""syntax"", ""morphology"", ""model""]",,,0,0
orthography_3_7_2_8,orthography,ne_short_form,INCLUDE_AFTER_THRESHOLD_CALIBRATION,syntax eval support verified; candidate recall and hard-negative gates pass,threshold_calibration,False,True,True,True,policy_decision_included,True,True,True,True,"[""syntax"", ""morphology"", ""model""]",,,0,0
orthography_3_7_2_8,orthography,ne_predicative,INCLUDE_AFTER_THRESHOLD_CALIBRATION,syntax eval support verified; candidate recall and hard-negative gates pass,threshold_calibration,False,True,True,True,policy_decision_included,True,True,True,True,"[""syntax"", ""morphology"", ""model""]",,,0,0
orthography_3_7_2_9,orthography,ne_adjective,INCLUDE_AFTER_THRESHOLD_CALIBRATION,syntax eval support verified; candidate recall and hard-negative gates pass,threshold_calibration,False,True,True,True,policy_decision_included,True,True,True,True,"[""syntax"", ""morphology"", ""model""]",,,0,0
orthography_3_7_2_9,orthography,ne_adverb,INCLUDE_AFTER_THRESHOLD_CALIBRATION,syntax eval support verified; candidate recall and hard-negative gates pass,threshold_calibration,False,True,True,True,policy_decision_included,True,True,True,True,"[""syntax"", ""morphology"", ""model""]",,,0,0
orthography_3_7_2_9,orthography,ne_participle,INCLUDE_AFTER_THRESHOLD_CALIBRATION,syntax eval support verified; candidate recall and hard-negative gates pass,threshold_calibration,False,True,True,True,policy_decision_included,True,True,True,True,"[""syntax"", ""morphology"", ""model""]",,,0,0
orthography_3_7_2_9,orthography,ne_short_form,INCLUDE_AFTER_THRESHOLD_CALIBRATION,syntax eval support verified; candidate recall and hard-negative gates pass,threshold_calibration,False,True,True,True,policy_decision_included,True,True,True,True,"[""syntax"", ""morphology"", ""model""]",,,0,0
orthography_3_7_2_9,orthography,ne_predicative,INCLUDE_AFTER_THRESHOLD_CALIBRATION,syntax eval support verified; candidate recall and hard-negative gates pass,threshold_calibration,False,True,True,True,policy_decision_included,True,True,True,True,"[""syntax"", ""morphology"", ""model""]",,,0,0
orthography_3_7_2_9,orthography,ni_particle_context,INCLUDE_AFTER_THRESHOLD_CALIBRATION,syntax eval support verified; candidate recall and hard-negative gates pass,threshold_calibration,False,True,True,True,policy_decision_included,True,True,True,True,"[""syntax"", ""morphology"", ""model""]",,,0,0
orthography_3_7_2_10,orthography,ne_adverb,INCLUDE_AFTER_THRESHOLD_CALIBRATION,syntax eval support verified; candidate recall and hard-negative gates pass,threshold_calibration,False,True,True,True,policy_decision_included,True,True,True,True,"[""syntax"", ""morphology"", ""model""]",,,0,0
orthography_3_7_2_10,orthography,ne_predicative,INCLUDE_AFTER_THRESHOLD_CALIBRATION,syntax eval support verified; candidate recall and hard-negative gates pass,threshold_calibration,False,True,True,True,policy_decision_included,True,True,True,True,"[""syntax"", ""morphology"", ""model""]",,,0,0
orthography_3_7_2_10,orthography,ni_particle_context,INCLUDE_AFTER_THRESHOLD_CALIBRATION,syntax eval support verified; candidate recall and hard-negative gates pass,threshold_calibration,False,True,True,True,policy_decision_included,True,True,True,True,"[""syntax"", ""morphology"", ""model""]",,,0,0
orthography_3_7_2_11,orthography,ne_participle,INCLUDE_AFTER_THRESHOLD_CALIBRATION,syntax eval support verified; candidate recall and hard-negative gates pass,threshold_calibration,False,True,True,True,policy_decision_included,True,True,True,True,"[""model"", ""morphology"", ""syntax""]",,,0,0
orthography_3_11,orthography,hyphen_whitelist,INCLUDE_NOW,"candidate, synthetic, hard-negative, and validator gates are available",production_ready,True,True,True,True,policy_decision_included,True,True,True,True,"[""dictionary"", ""model""]",,,0,0
orthography_4_12,orthography,capitalization_sentence_start,INCLUDE_AFTER_VALIDATOR,candidate path verified; validator guards and hard negatives are required before dataset build,validator_dependent,False,True,True,True,runtime_validator_supported,True,True,True,True,"[""model""]",,,0,0
orthography_5_1_1,orthography,abbreviation_case_protection,INCLUDE_AFTER_VALIDATOR,candidate path verified; validator guards and hard negatives are required before dataset build,validator_dependent,False,True,True,True,runtime_validator_supported,True,True,True,True,"[""dictionary"", ""model""]",,,0,0
orthography_7_1,orthography,swapped_letters_candidate,INCLUDE_AFTER_VALIDATOR,candidate path verified; validator guards and hard negatives are required before dataset build,validator_dependent,False,True,True,True,runtime_validator_supported,True,True,True,True,"[""dictionary"", ""model""]",,,0,0
orthography_7_1,orthography,missing_letter_candidate,INCLUDE_AFTER_VALIDATOR,candidate path verified; validator guards and hard negatives are required before dataset build,validator_dependent,False,True,True,True,runtime_validator_supported,True,True,True,True,"[""dictionary"", ""model""]",,,0,0
orthography_7_1,orthography,extra_letter_candidate,INCLUDE_AFTER_VALIDATOR,candidate path verified; validator guards and hard negatives are required before dataset build,validator_dependent,False,True,True,True,runtime_validator_supported,True,True,True,True,"[""dictionary"", ""model""]",,,0,0
orthography_7_3,orthography,keyboard_typo_candidate,INCLUDE_AFTER_VALIDATOR,candidate path verified; validator guards and hard negatives are required before dataset build,validator_dependent,False,True,True,True,runtime_validator_supported,True,True,True,True,"[""dictionary"", ""model""]",,,0,0
orthography_8_1,orthography,dictionary_fuzzy,INCLUDE_AFTER_VALIDATOR,candidate path verified; current blocker is threshold calibration; candidate path verified; validator guards and hard negatives are required before dataset build,validator_dependent,False,True,True,True,runtime_validator_supported,True,True,True,True,"[""dictionary"", ""model""]",,,0,0
orthography_8_1,orthography,frequent_error_exact,INCLUDE_AFTER_VALIDATOR,candidate path verified; current blocker is threshold calibration; candidate path verified; validator guards and hard negatives are required before dataset build,validator_dependent,False,True,True,True,runtime_validator_supported,True,True,True,True,"[""dictionary"", ""model""]",,,0,0
punctuation_1_1,punctuation,final_punctuation_default,INCLUDE_AFTER_VALIDATOR,candidate path verified; validator guards and hard negatives are required before dataset build,validator_dependent,False,True,True,True,runtime_validator_supported,True,True,True,True,"[""model""]",,,0,0
punctuation_1_3_5,punctuation,punctuation_delete_replace,INCLUDE_AFTER_THRESHOLD_CALIBRATION,syntax eval support verified; candidate recall and hard-negative gates pass,threshold_calibration,False,True,True,True,policy_decision_included,True,True,True,True,"[""syntax"", ""model"", ""validator""]",,,0,0
punctuation_1_4,punctuation,subject_predicate_dash,INCLUDE_AFTER_THRESHOLD_CALIBRATION,syntax eval support verified; candidate recall and hard-negative gates pass,threshold_calibration,False,True,True,True,policy_decision_included,True,True,True,True,"[""syntax"", ""model"", ""validator""]",,,0,0
punctuation_1_5,punctuation,punctuation_delete_replace,INCLUDE_AFTER_THRESHOLD_CALIBRATION,syntax eval support verified; candidate recall and hard-negative gates pass,threshold_calibration,False,True,True,True,policy_decision_included,True,True,True,True,"[""syntax"", ""model"", ""validator""]",,,0,0
punctuation_2_1_1,punctuation,subject_predicate_dash,INCLUDE_AFTER_THRESHOLD_CALIBRATION,syntax eval support verified; candidate recall and hard-negative gates pass,threshold_calibration,False,True,True,True,policy_decision_included,True,True,True,True,"[""syntax"", ""model"", ""validator""]",,,0,0
punctuation_2_1_2,punctuation,subject_predicate_dash,INCLUDE_NOW,"candidate, synthetic, hard-negative, and validator gates are available",production_ready,True,True,True,True,policy_decision_included,True,True,True,True,"[""model"", ""syntax""]",,,0,0
punctuation_2_1_3,punctuation,subject_predicate_dash,INCLUDE_AFTER_THRESHOLD_CALIBRATION,syntax eval support verified; candidate recall and hard-negative gates pass,threshold_calibration,False,True,True,True,policy_decision_included,True,True,True,True,"[""syntax"", ""model"", ""validator""]",,,0,0
punctuation_2_1_4,punctuation,subject_predicate_dash,INCLUDE_AFTER_THRESHOLD_CALIBRATION,syntax eval support verified; candidate recall and hard-negative gates pass,threshold_calibration,False,True,True,True,policy_decision_included,True,True,True,True,"[""syntax"", ""model"", ""validator""]",,,0,0
punctuation_2_1_5,punctuation,subject_predicate_dash,INCLUDE_AFTER_THRESHOLD_CALIBRATION,syntax eval support verified; candidate recall and hard-negative gates pass,threshold_calibration,False,True,True,True,policy_decision_included,True,True,True,True,"[""syntax"", ""model"", ""validator""]",,,0,0
punctuation_2_1_6,punctuation,subject_predicate_dash,INCLUDE_AFTER_THRESHOLD_CALIBRATION,syntax eval support verified; candidate recall and hard-negative gates pass,threshold_calibration,False,True,True,True,policy_decision_included,True,True,True,True,"[""syntax"", ""model"", ""validator""]",,,0,0
punctuation_2_1_7,punctuation,subject_predicate_dash,INCLUDE_AFTER_THRESHOLD_CALIBRATION,syntax eval support verified; candidate recall and hard-negative gates pass,threshold_calibration,False,True,True,True,policy_decision_included,True,True,True,True,"[""syntax"", ""model"", ""validator""]",,,0,0
punctuation_2_1_8,punctuation,subject_predicate_dash,INCLUDE_AFTER_THRESHOLD_CALIBRATION,syntax eval support verified; candidate recall and hard-negative gates pass,threshold_calibration,False,True,True,True,policy_decision_included,True,True,True,True,"[""syntax"", ""model"", ""validator""]",,,0,0
punctuation_2_1_9,punctuation,subject_predicate_dash,INCLUDE_AFTER_THRESHOLD_CALIBRATION,syntax eval support verified; candidate recall and hard-negative gates pass,threshold_calibration,False,True,True,True,policy_decision_included,True,True,True,True,"[""syntax"", ""model"", ""validator""]",,,0,0
punctuation_2_1_10,punctuation,subject_predicate_dash,INCLUDE_AFTER_THRESHOLD_CALIBRATION,syntax eval support verified; candidate recall and hard-negative gates pass,threshold_calibration,False,True,True,True,policy_decision_included,True,True,True,True,"[""syntax"", ""model"", ""validator""]",,,0,0
punctuation_2_1_11,punctuation,subject_predicate_dash,INCLUDE_AFTER_THRESHOLD_CALIBRATION,syntax eval support verified; candidate recall and hard-negative gates pass,threshold_calibration,False,True,True,True,policy_decision_included,True,True,True,True,"[""syntax"", ""model"", ""validator""]",,,0,0
punctuation_2_2,punctuation,subject_predicate_dash,INCLUDE_AFTER_THRESHOLD_CALIBRATION,syntax eval support verified; candidate recall and hard-negative gates pass,threshold_calibration,False,True,True,True,policy_decision_included,True,True,True,True,"[""syntax"", ""model"", ""validator""]",,,0,0
punctuation_2_3,punctuation,consequence_dash,INCLUDE_AFTER_TRAINING,syntax eval support verified; candidate recall and hard-negative gates pass,needs_training,False,True,True,True,policy_decision_included,True,True,True,True,"[""model"", ""syntax""]",,,0,0
punctuation_2_3,punctuation,asyndetic_dash,INCLUDE_AFTER_TRAINING,syntax eval support verified; candidate recall and hard-negative gates pass,needs_training,False,True,True,True,policy_decision_included,True,True,True,True,"[""model"", ""syntax""]",,,0,0
punctuation_4_1,punctuation,homogeneous_comma,INCLUDE_AFTER_THRESHOLD_CALIBRATION,syntax eval support verified; candidate recall and hard-negative gates pass,threshold_calibration,False,True,True,True,policy_decision_included,True,True,True,True,"[""syntax"", ""model"", ""validator""]",,,0,0
punctuation_4_1,punctuation,enumeration_colon,INCLUDE_AFTER_THRESHOLD_CALIBRATION,syntax eval support verified; candidate recall and hard-negative gates pass,threshold_calibration,False,True,True,True,policy_decision_included,True,True,True,True,"[""syntax"", ""model"", ""validator""]",,,0,0
punctuation_4_2,punctuation,homogeneous_comma,INCLUDE_NOW,"candidate, synthetic, hard-negative, and validator gates are available",production_ready,True,True,True,True,policy_decision_included,True,True,True,True,"[""model"", ""syntax""]",,,0,0
punctuation_4_3,punctuation,comma_conjunction,INCLUDE_AFTER_THRESHOLD_CALIBRATION,syntax eval support verified; candidate recall and hard-negative gates pass,threshold_calibration,False,True,True,True,policy_decision_included,True,True,True,True,"[""syntax"", ""model"", ""validator""]",,,0,0
punctuation_4_4,punctuation,homogeneous_comma,INCLUDE_AFTER_THRESHOLD_CALIBRATION,syntax eval support verified; candidate recall and hard-negative gates pass,threshold_calibration,False,True,True,True,policy_decision_included,True,True,True,True,"[""syntax"", ""model"", ""validator""]",,,0,0
punctuation_4_4,punctuation,enumeration_colon,INCLUDE_AFTER_THRESHOLD_CALIBRATION,syntax eval support verified; candidate recall and hard-negative gates pass,threshold_calibration,False,True,True,True,policy_decision_included,True,True,True,True,"[""syntax"", ""model"", ""validator""]",,,0,0
punctuation_4_5,punctuation,homogeneous_comma,INCLUDE_AFTER_THRESHOLD_CALIBRATION,syntax eval support verified; candidate recall and hard-negative gates pass,threshold_calibration,False,True,True,True,policy_decision_included,True,True,True,True,"[""syntax"", ""model"", ""validator""]",,,0,0
punctuation_4_5,punctuation,enumeration_colon,INCLUDE_AFTER_THRESHOLD_CALIBRATION,syntax eval support verified; candidate recall and hard-negative gates pass,threshold_calibration,False,True,True,True,policy_decision_included,True,True,True,True,"[""syntax"", ""model"", ""validator""]",,,0,0
punctuation_4_7,punctuation,enumeration_colon,INCLUDE_AFTER_THRESHOLD_CALIBRATION,syntax eval support verified; candidate recall and hard-negative gates pass,threshold_calibration,False,True,True,True,policy_decision_included,True,True,True,True,"[""model"", ""syntax""]",,,0,0
punctuation_4_8,punctuation,enumeration_colon,INCLUDE_AFTER_THRESHOLD_CALIBRATION,syntax eval support verified; candidate recall and hard-negative gates pass,threshold_calibration,False,True,True,True,policy_decision_included,True,True,True,True,"[""syntax"", ""model"", ""validator""]",,,0,0
punctuation_4_8,punctuation,enumeration_dash,INCLUDE_AFTER_THRESHOLD_CALIBRATION,syntax eval support verified; candidate recall and hard-negative gates pass,threshold_calibration,False,True,True,True,policy_decision_included,True,True,True,True,"[""syntax"", ""model"", ""validator""]",,,0,0
punctuation_4_10,punctuation,homogeneous_comma,INCLUDE_AFTER_THRESHOLD_CALIBRATION,syntax eval support verified; candidate recall and hard-negative gates pass,threshold_calibration,False,True,True,True,policy_decision_included,True,True,True,True,"[""syntax"", ""model"", ""validator""]",,,0,0
punctuation_4_10,punctuation,enumeration_colon,INCLUDE_AFTER_THRESHOLD_CALIBRATION,syntax eval support verified; candidate recall and hard-negative gates pass,threshold_calibration,False,True,True,True,policy_decision_included,True,True,True,True,"[""syntax"", ""model"", ""validator""]",,,0,0
punctuation_4_11,punctuation,homogeneous_comma,INCLUDE_AFTER_THRESHOLD_CALIBRATION,syntax eval support verified; candidate recall and hard-negative gates pass,threshold_calibration,False,True,True,True,policy_decision_included,True,True,True,True,"[""syntax"", ""model"", ""validator""]",,,0,0
punctuation_4_11,punctuation,enumeration_colon,INCLUDE_AFTER_THRESHOLD_CALIBRATION,syntax eval support verified; candidate recall and hard-negative gates pass,threshold_calibration,False,True,True,True,policy_decision_included,True,True,True,True,"[""syntax"", ""model"", ""validator""]",,,0,0
punctuation_4_14,punctuation,homogeneous_comma,INCLUDE_AFTER_THRESHOLD_CALIBRATION,syntax eval support verified; candidate recall and hard-negative gates pass,threshold_calibration,False,True,True,True,policy_decision_included,True,True,True,True,"[""syntax"", ""model"", ""validator""]",,,0,0
punctuation_4_14,punctuation,enumeration_colon,INCLUDE_AFTER_THRESHOLD_CALIBRATION,syntax eval support verified; candidate recall and hard-negative gates pass,threshold_calibration,False,True,True,True,policy_decision_included,True,True,True,True,"[""syntax"", ""model"", ""validator""]",,,0,0
punctuation_5_1_1_1,punctuation,detached_participial_comma,INCLUDE_AFTER_THRESHOLD_CALIBRATION,syntax eval support verified; candidate recall and hard-negative gates pass,threshold_calibration,False,True,True,True,policy_decision_included,True,True,True,True,"[""syntax"", ""model"", ""validator""]",,,0,0
punctuation_5_1_1_2,punctuation,detached_participial_comma,INCLUDE_AFTER_THRESHOLD_CALIBRATION,syntax eval support verified; candidate recall and hard-negative gates pass,threshold_calibration,False,True,True,True,policy_decision_included,True,True,True,True,"[""syntax"", ""model"", ""validator""]",,,0,0
punctuation_5_1_2,punctuation,detached_participial_comma,INCLUDE_AFTER_THRESHOLD_CALIBRATION,syntax eval support verified; candidate recall and hard-negative gates pass,threshold_calibration,False,True,True,True,policy_decision_included,True,True,True,True,"[""syntax"", ""model"", ""validator""]",,,0,0
punctuation_5_1_3,punctuation,detached_participial_comma,INCLUDE_AFTER_THRESHOLD_CALIBRATION,syntax eval support verified; candidate recall and hard-negative gates pass,threshold_calibration,False,True,True,True,policy_decision_included,True,True,True,True,"[""syntax"", ""model"", ""validator""]",,,0,0
punctuation_5_3,punctuation,apposition_comma,INCLUDE_AFTER_THRESHOLD_CALIBRATION,syntax eval support verified; candidate recall and hard-negative gates pass,threshold_calibration,False,True,True,True,policy_decision_included,True,True,True,True,"[""syntax"", ""model"", ""validator""]",,,0,0
punctuation_5_4_1,punctuation,detached_adverbial_comma,INCLUDE_NOW,"candidate, synthetic, hard-negative, and validator gates are available",production_ready,True,True,True,True,policy_decision_included,True,True,True,True,"[""model"", ""syntax""]",,,0,0
punctuation_5_4_2,punctuation,detached_adverbial_comma,INCLUDE_AFTER_THRESHOLD_CALIBRATION,syntax eval support verified; candidate recall and hard-negative gates pass,threshold_calibration,False,True,True,True,policy_decision_included,True,True,True,True,"[""syntax"", ""model"", ""validator""]",,,0,0
punctuation_5_4_3,punctuation,detached_adverbial_comma,INCLUDE_AFTER_THRESHOLD_CALIBRATION,syntax eval support verified; candidate recall and hard-negative gates pass,threshold_calibration,False,True,True,True,policy_decision_included,True,True,True,True,"[""syntax"", ""model"", ""validator""]",,,0,0
punctuation_5_4_5,punctuation,detached_adverbial_comma,INCLUDE_AFTER_THRESHOLD_CALIBRATION,syntax eval support verified; candidate recall and hard-negative gates pass,threshold_calibration,False,True,True,True,policy_decision_included,True,True,True,True,"[""syntax"", ""model"", ""validator""]",,,0,0
punctuation_5_4_6,punctuation,detached_adverbial_comma,INCLUDE_AFTER_THRESHOLD_CALIBRATION,syntax eval support verified; candidate recall and hard-negative gates pass,threshold_calibration,False,True,True,True,policy_decision_included,True,True,True,True,"[""syntax"", ""model"", ""validator""]",,,0,0
punctuation_5_4_7,punctuation,detached_adverbial_comma,INCLUDE_AFTER_THRESHOLD_CALIBRATION,syntax eval support verified; candidate recall and hard-negative gates pass,threshold_calibration,False,True,True,True,policy_decision_included,True,True,True,True,"[""syntax"", ""model"", ""validator""]",,,0,0
punctuation_5_4_8,punctuation,detached_adverbial_comma,INCLUDE_AFTER_THRESHOLD_CALIBRATION,syntax eval support verified; candidate recall and hard-negative gates pass,threshold_calibration,False,True,True,True,policy_decision_included,True,True,True,True,"[""syntax"", ""model"", ""validator""]",,,0,0
punctuation_5_4_9,punctuation,detached_adverbial_comma,INCLUDE_AFTER_THRESHOLD_CALIBRATION,syntax eval support verified; candidate recall and hard-negative gates pass,threshold_calibration,False,True,True,True,policy_decision_included,True,True,True,True,"[""syntax"", ""model"", ""validator""]",,,0,0
punctuation_5_4_10,punctuation,detached_adverbial_comma,INCLUDE_AFTER_THRESHOLD_CALIBRATION,syntax eval support verified; candidate recall and hard-negative gates pass,threshold_calibration,False,True,True,True,policy_decision_included,True,True,True,True,"[""syntax"", ""model"", ""validator""]",,,0,0
punctuation_5_5,punctuation,clarification_comma,INCLUDE_AFTER_THRESHOLD_CALIBRATION,syntax eval support verified; candidate recall and hard-negative gates pass,threshold_calibration,False,True,True,True,policy_decision_included,True,True,True,True,"[""syntax"", ""model"", ""validator""]",,,0,0
punctuation_5_6_2,punctuation,clarification_comma,INCLUDE_AFTER_THRESHOLD_CALIBRATION,syntax eval support verified; candidate recall and hard-negative gates pass,threshold_calibration,False,True,True,True,policy_decision_included,True,True,True,True,"[""syntax"", ""model"", ""validator""]",,,0,0
punctuation_5_6_3,punctuation,clarification_comma,INCLUDE_AFTER_THRESHOLD_CALIBRATION,syntax eval support verified; candidate recall and hard-negative gates pass,threshold_calibration,False,True,True,True,policy_decision_included,True,True,True,True,"[""syntax"", ""model"", ""validator""]",,,0,0
punctuation_5_8_1,punctuation,comparative_turnover_comma,INCLUDE_NOW,"candidate, synthetic, hard-negative, and validator gates are available",production_ready,True,True,True,True,policy_decision_included,True,True,True,True,"[""model"", ""syntax""]",,,0,0
punctuation_5_8_3,punctuation,comparative_turnover_comma,INCLUDE_AFTER_THRESHOLD_CALIBRATION,syntax eval support verified; candidate recall and hard-negative gates pass,threshold_calibration,False,True,True,True,policy_decision_included,True,True,True,True,"[""syntax"", ""model"", ""validator""]",,,0,0
punctuation_5_8_5,punctuation,comparative_turnover_comma,INCLUDE_AFTER_THRESHOLD_CALIBRATION,syntax eval support verified; candidate recall and hard-negative gates pass,threshold_calibration,False,True,True,True,policy_decision_included,True,True,True,True,"[""syntax"", ""model"", ""validator""]",,,0,0
punctuation_5_8_6,punctuation,comparative_turnover_comma,INCLUDE_AFTER_THRESHOLD_CALIBRATION,syntax eval support verified; candidate recall and hard-negative gates pass,threshold_calibration,False,True,True,True,policy_decision_included,True,True,True,True,"[""syntax"", ""model"", ""validator""]",,,0,0
punctuation_5_8_11,punctuation,comparative_turnover_comma,INCLUDE_AFTER_THRESHOLD_CALIBRATION,syntax eval support verified; candidate recall and hard-negative gates pass,threshold_calibration,False,True,True,True,policy_decision_included,True,True,True,True,"[""syntax"", ""model"", ""validator""]",,,0,0
punctuation_5_8_12,punctuation,comparative_turnover_comma,INCLUDE_AFTER_THRESHOLD_CALIBRATION,syntax eval support verified; candidate recall and hard-negative gates pass,threshold_calibration,False,True,True,True,policy_decision_included,True,True,True,True,"[""syntax"", ""model"", ""validator""]",,,0,0
punctuation_6_1_1,punctuation,introductory_comma,INCLUDE_NOW,"candidate, synthetic, hard-negative, and validator gates are available",production_ready,True,True,True,True,policy_decision_included,True,True,True,True,"[""model"", ""syntax""]",,,0,0
punctuation_6_1_2,punctuation,introductory_comma,INCLUDE_AFTER_THRESHOLD_CALIBRATION,syntax eval support verified; candidate recall and hard-negative gates pass,threshold_calibration,False,True,True,True,policy_decision_included,True,True,True,True,"[""syntax"", ""model"", ""validator""]",,,0,0
punctuation_6_1_3,punctuation,introductory_comma,INCLUDE_AFTER_THRESHOLD_CALIBRATION,syntax eval support verified; candidate recall and hard-negative gates pass,threshold_calibration,False,True,True,True,policy_decision_included,True,True,True,True,"[""syntax"", ""model"", ""validator""]",,,0,0
punctuation_6_1_5,punctuation,introductory_comma,INCLUDE_AFTER_THRESHOLD_CALIBRATION,syntax eval support verified; candidate recall and hard-negative gates pass,threshold_calibration,False,True,True,True,policy_decision_included,True,True,True,True,"[""syntax"", ""model"", ""validator""]",,,0,0
punctuation_6_1_6,punctuation,introductory_comma,INCLUDE_AFTER_THRESHOLD_CALIBRATION,syntax eval support verified; candidate recall and hard-negative gates pass,threshold_calibration,False,True,True,True,policy_decision_included,True,True,True,True,"[""syntax"", ""model"", ""validator""]",,,0,0
punctuation_6_1_7,punctuation,introductory_comma,INCLUDE_AFTER_THRESHOLD_CALIBRATION,syntax eval support verified; candidate recall and hard-negative gates pass,threshold_calibration,False,True,True,True,policy_decision_included,True,True,True,True,"[""syntax"", ""model"", ""validator""]",,,0,0
punctuation_6_2_1,punctuation,address_comma,INCLUDE_NOW,"candidate, synthetic, hard-negative, and validator gates are available",production_ready,True,True,True,True,policy_decision_included,True,True,True,True,"[""model"", ""syntax""]",,,0,0
punctuation_6_3,punctuation,introductory_comma,INCLUDE_AFTER_THRESHOLD_CALIBRATION,syntax eval support verified; candidate recall and hard-negative gates pass,threshold_calibration,False,True,True,True,policy_decision_included,True,True,True,True,"[""syntax"", ""model"", ""validator""]",,,0,0
punctuation_6_4,punctuation,introductory_comma,INCLUDE_AFTER_THRESHOLD_CALIBRATION,syntax eval support verified; candidate recall and hard-negative gates pass,threshold_calibration,False,True,True,True,policy_decision_included,True,True,True,True,"[""syntax"", ""model"", ""validator""]",,,0,0
punctuation_6_5,punctuation,introductory_comma,INCLUDE_AFTER_THRESHOLD_CALIBRATION,syntax eval support verified; candidate recall and hard-negative gates pass,threshold_calibration,False,True,True,True,policy_decision_included,True,True,True,True,"[""syntax"", ""model"", ""validator""]",,,0,0
punctuation_7_1_1,punctuation,comma_conjunction,INCLUDE_NOW,"candidate, synthetic, hard-negative, and validator gates are available",production_ready,True,True,True,True,policy_decision_included,True,True,True,True,"[""model"", ""syntax""]",,,0,0
punctuation_7_1_2,punctuation,semicolon,INCLUDE_AFTER_TRAINING,syntax eval support verified; candidate recall and hard-negative gates pass,needs_training,False,True,True,True,policy_decision_included,True,True,True,True,"[""model"", ""syntax""]",,,0,0
punctuation_7_2_1,punctuation,comma_subordinate,INCLUDE_NOW,"candidate, synthetic, hard-negative, and validator gates are available",production_ready,True,True,True,True,policy_decision_included,True,True,True,True,"[""model"", ""syntax""]",,,0,0
punctuation_7_2_2,punctuation,comma_subordinate,INCLUDE_AFTER_THRESHOLD_CALIBRATION,syntax eval support verified; candidate recall and hard-negative gates pass,threshold_calibration,False,True,True,True,policy_decision_included,True,True,True,True,"[""syntax"", ""model"", ""validator""]",,,0,0
punctuation_7_2_3,punctuation,comma_subordinate,INCLUDE_AFTER_THRESHOLD_CALIBRATION,syntax eval support verified; candidate recall and hard-negative gates pass,threshold_calibration,False,True,True,True,policy_decision_included,True,True,True,True,"[""syntax"", ""model"", ""validator""]",,,0,0
punctuation_7_2_4_1,punctuation,comma_subordinate,INCLUDE_AFTER_THRESHOLD_CALIBRATION,syntax eval support verified; candidate recall and hard-negative gates pass,threshold_calibration,False,True,True,True,policy_decision_included,True,True,True,True,"[""syntax"", ""model"", ""validator""]",,,0,0
punctuation_7_2_4_2,punctuation,comma_subordinate,INCLUDE_AFTER_THRESHOLD_CALIBRATION,syntax eval support verified; candidate recall and hard-negative gates pass,threshold_calibration,False,True,True,True,policy_decision_included,True,True,True,True,"[""syntax"", ""model"", ""validator""]",,,0,0
punctuation_7_3_1,punctuation,asyndetic_dash,INCLUDE_AFTER_THRESHOLD_CALIBRATION,syntax eval support verified; candidate recall and hard-negative gates pass,threshold_calibration,False,True,True,True,policy_decision_included,True,True,True,True,"[""syntax"", ""model"", ""validator""]",,,0,0
punctuation_7_3_1,punctuation,consequence_dash,INCLUDE_AFTER_THRESHOLD_CALIBRATION,syntax eval support verified; candidate recall and hard-negative gates pass,threshold_calibration,False,True,True,True,policy_decision_included,True,True,True,True,"[""syntax"", ""model"", ""validator""]",,,0,0
punctuation_7_3_1,punctuation,explanation_colon,INCLUDE_AFTER_THRESHOLD_CALIBRATION,syntax eval support verified; candidate recall and hard-negative gates pass,threshold_calibration,False,True,True,True,policy_decision_included,True,True,True,True,"[""syntax"", ""model"", ""validator""]",,,0,0
punctuation_7_3_1,punctuation,semicolon,INCLUDE_AFTER_THRESHOLD_CALIBRATION,syntax eval support verified; candidate recall and hard-negative gates pass,threshold_calibration,False,True,True,True,policy_decision_included,True,True,True,True,"[""syntax"", ""model"", ""validator""]",,,0,0
punctuation_8_1_1,punctuation,direct_speech_colon,INCLUDE_AFTER_THRESHOLD_CALIBRATION,syntax eval support verified; candidate recall and hard-negative gates pass,threshold_calibration,False,True,True,True,policy_decision_included,True,True,True,True,"[""model"", ""syntax""]",,,0,0
punctuation_8_1_1,punctuation,direct_speech_quotes,INCLUDE_AFTER_THRESHOLD_CALIBRATION,syntax eval support verified; candidate recall and hard-negative gates pass,threshold_calibration,False,True,True,True,policy_decision_included,True,True,True,True,"[""model"", ""syntax""]",,,0,0
punctuation_8_1_2,punctuation,direct_speech_dash,INCLUDE_NOW,"candidate, synthetic, hard-negative, and validator gates are available",production_ready,True,True,True,True,policy_decision_included,True,True,True,True,"[""model"", ""syntax""]",,,0,0
punctuation_8_1_3,punctuation,direct_speech_colon,INCLUDE_AFTER_THRESHOLD_CALIBRATION,syntax eval support verified; candidate recall and hard-negative gates pass,threshold_calibration,False,True,True,True,policy_decision_included,True,True,True,True,"[""syntax"", ""model"", ""validator""]",,,0,0
punctuation_8_1_3,punctuation,direct_speech_dash,INCLUDE_AFTER_THRESHOLD_CALIBRATION,syntax eval support verified; candidate recall and hard-negative gates pass,threshold_calibration,False,True,True,True,policy_decision_included,True,True,True,True,"[""syntax"", ""model"", ""validator""]",,,0,0
punctuation_8_1_3,punctuation,direct_speech_quotes,INCLUDE_AFTER_THRESHOLD_CALIBRATION,syntax eval support verified; candidate recall and hard-negative gates pass,threshold_calibration,False,True,True,True,policy_decision_included,True,True,True,True,"[""syntax"", ""model"", ""validator""]",,,0,0
punctuation_8_1_4,punctuation,direct_speech_colon,INCLUDE_AFTER_THRESHOLD_CALIBRATION,syntax eval support verified; candidate recall and hard-negative gates pass,threshold_calibration,False,True,True,True,policy_decision_included,True,True,True,True,"[""syntax"", ""model"", ""validator""]",,,0,0
punctuation_8_1_4,punctuation,direct_speech_dash,INCLUDE_AFTER_THRESHOLD_CALIBRATION,syntax eval support verified; candidate recall and hard-negative gates pass,threshold_calibration,False,True,True,True,policy_decision_included,True,True,True,True,"[""syntax"", ""model"", ""validator""]",,,0,0
punctuation_8_1_4,punctuation,direct_speech_quotes,INCLUDE_AFTER_THRESHOLD_CALIBRATION,syntax eval support verified; candidate recall and hard-negative gates pass,threshold_calibration,False,True,True,True,policy_decision_included,True,True,True,True,"[""syntax"", ""model"", ""validator""]",,,0,0
punctuation_8_1_6,punctuation,direct_speech_colon,INCLUDE_AFTER_THRESHOLD_CALIBRATION,syntax eval support verified; candidate recall and hard-negative gates pass,threshold_calibration,False,True,True,True,policy_decision_included,True,True,True,True,"[""syntax"", ""model"", ""validator""]",,,0,0
punctuation_8_1_6,punctuation,direct_speech_dash,INCLUDE_AFTER_THRESHOLD_CALIBRATION,syntax eval support verified; candidate recall and hard-negative gates pass,threshold_calibration,False,True,True,True,policy_decision_included,True,True,True,True,"[""syntax"", ""model"", ""validator""]",,,0,0
punctuation_8_1_6,punctuation,direct_speech_quotes,INCLUDE_AFTER_THRESHOLD_CALIBRATION,syntax eval support verified; candidate recall and hard-negative gates pass,threshold_calibration,False,True,True,True,policy_decision_included,True,True,True,True,"[""syntax"", ""model"", ""validator""]",,,0,0
punctuation_8_2,punctuation,direct_speech_colon,INCLUDE_AFTER_THRESHOLD_CALIBRATION,syntax eval support verified; candidate recall and hard-negative gates pass,threshold_calibration,False,True,True,True,policy_decision_included,True,True,True,True,"[""syntax"", ""model"", ""validator""]",,,0,0
punctuation_8_2,punctuation,direct_speech_dash,INCLUDE_AFTER_THRESHOLD_CALIBRATION,syntax eval support verified; candidate recall and hard-negative gates pass,threshold_calibration,False,True,True,True,policy_decision_included,True,True,True,True,"[""syntax"", ""model"", ""validator""]",,,0,0
punctuation_8_2,punctuation,direct_speech_quotes,INCLUDE_AFTER_THRESHOLD_CALIBRATION,syntax eval support verified; candidate recall and hard-negative gates pass,threshold_calibration,False,True,True,True,policy_decision_included,True,True,True,True,"[""syntax"", ""model"", ""validator""]",,,0,0
punctuation_9_1,punctuation,punctuation_delete_replace,INCLUDE_AFTER_THRESHOLD_CALIBRATION,syntax eval support verified; candidate recall and hard-negative gates pass,threshold_calibration,False,True,True,True,policy_decision_included,True,True,True,True,"[""syntax"", ""model"", ""validator""]",,,0,0
punctuation_9_2,punctuation,punctuation_delete_replace,INCLUDE_AFTER_THRESHOLD_CALIBRATION,syntax eval support verified; candidate recall and hard-negative gates pass,threshold_calibration,False,True,True,True,policy_decision_included,True,True,True,True,"[""syntax"", ""model"", ""validator""]",,,0,0
punctuation_9_3,punctuation,punctuation_delete_replace,INCLUDE_AFTER_THRESHOLD_CALIBRATION,syntax eval support verified; candidate recall and hard-negative gates pass,threshold_calibration,False,True,True,True,policy_decision_included,True,True,True,True,"[""syntax"", ""model"", ""validator""]",,,0,0
punctuation_9_4,punctuation,punctuation_delete_replace,INCLUDE_AFTER_THRESHOLD_CALIBRATION,syntax eval support verified; candidate recall and hard-negative gates pass,threshold_calibration,False,True,True,True,policy_decision_included,True,True,True,True,"[""syntax"", ""model"", ""validator""]",,,0,0
punctuation_9_5,punctuation,bracket_pair_balance,INCLUDE_AFTER_THRESHOLD_CALIBRATION,syntax eval support verified; candidate recall and hard-negative gates pass,threshold_calibration,False,True,True,True,policy_decision_included,True,True,True,True,"[""syntax"", ""model"", ""validator""]",,,0,0
punctuation_9_6,punctuation,quote_open,INCLUDE_AFTER_THRESHOLD_CALIBRATION,syntax eval support verified; candidate recall and hard-negative gates pass,threshold_calibration,False,False,False,False,BLOCK_METADATA_ONLY,True,True,True,True,"[""syntax"", ""model"", ""validator""]",,,0,0
punctuation_9_6,punctuation,quote_close,INCLUDE_AFTER_THRESHOLD_CALIBRATION,syntax eval support verified; candidate recall and hard-negative gates pass,threshold_calibration,False,False,False,False,BLOCK_METADATA_ONLY,True,True,True,True,"[""syntax"", ""model"", ""validator""]",,,0,0
punctuation_9_6,punctuation,quote_pair_balance,INCLUDE_AFTER_THRESHOLD_CALIBRATION,syntax eval support verified; candidate recall and hard-negative gates pass,threshold_calibration,False,True,True,True,policy_decision_included,True,True,True,True,"[""syntax"", ""model"", ""validator""]",,,0,0
punctuation_9_8,punctuation,punctuation_delete_replace,INCLUDE_AFTER_THRESHOLD_CALIBRATION,syntax eval support verified; candidate recall and hard-negative gates pass,threshold_calibration,False,True,True,True,policy_decision_included,True,True,True,True,"[""syntax"", ""model"", ""validator""]",,,0,0
punctuation_10_1,punctuation,explanation_colon,INCLUDE_AFTER_THRESHOLD_CALIBRATION,syntax eval support verified; candidate recall and hard-negative gates pass,threshold_calibration,False,True,True,True,policy_decision_included,True,True,True,True,"[""model"", ""syntax""]",,,0,0
punctuation_11_6,punctuation,punctuation_delete_replace,INCLUDE_AFTER_THRESHOLD_CALIBRATION,syntax eval support verified; candidate recall and hard-negative gates pass,threshold_calibration,False,True,True,True,policy_decision_included,True,True,True,True,"[""model""]",,,0,0
